id_interno,numero_processo,ano,modalidade,procedimento_original,objeto,valor_estimado,valor_contratado,fornecedor,cnpj,fundamento_legal,data,situacao,quantidade_documentos,url_tce,url_compras_mg,pasta_local
TCE-MG_2026_COMPRA_DIRETA_000287,287,2026,COMPRA_DIRETA,Compra direta,"24 (vinte quatro) refis de filtro para purificador de água premium, marca Colormaq.",1431.36,1284,UNILAR COMERCIAL LTDA,Não identificado no documento,Lei 14.133/21 (identificada pelo filtro aplicado; artigo não identificado no documento),Não identificado no documento,Concluído,Não identificado no documento,https://transparencia.tce.mg.gov.br/public/licitacoes,https://www1.compras.mg.gov.br/processocompra/processo/consultaProcessoCompra.html?orgaoEntidade=1020&numero=287&ano=2026&metodo=pesquisar&estaPesquisando=true,[PREENCHER: após coleta documental]
TCE-MG_2026_COMPRA_DIRETA_000282,282,2026,COMPRA_DIRETA,Compra direta,Oficina prática e colaborativa com o tema ¿Embrulho de Presentes com Material Reciclado¿,1200,1200,FLUIR PRODUCOES LTDA,Não identificado no documento,Lei 14.133/21 (identificada pelo filtro aplicado; artigo não identificado no documento),Não identificado no documento,Concluído,Não identificado no documento,https://transparencia.tce.mg.gov.br/public/licitacoes,https://www1.compras.mg.gov.br/processocompra/processo/consultaProcessoCompra.html?orgaoEntidade=1020&numero=282&ano=2026&metodo=pesquisar&estaPesquisando=true,[PREENCHER: após coleta documental]
TCE-MG_2026_COMPRA_DIRETA_000274,274,2026,COMPRA_DIRETA,Compra direta,"Serviços de facilitação gráfica e comunicação visual para atendimento ao IV Congresso Nacional de Comunicação dos Tribunais de Contas, a ser realizado nos dias 03 e 04 de agosto de 2026",10000,7600,IDEIA CLARA EDUCACAO E ARTES LTDA,Não identificado no documento,Lei 14.133/21 (identificada pelo filtro aplicado; artigo não identificado no documento),Não identificado no documento,Concluído,Não identificado no documento,https://transparencia.tce.mg.gov.br/public/licitacoes,https://www1.compras.mg.gov.br/processocompra/processo/consultaProcessoCompra.html?orgaoEntidade=1020&numero=274&ano=2026&metodo=pesquisar&estaPesquisando=true,[PREENCHER: após coleta documental]
TCE-MG_2026_COMPRA_DIRETA_000273,273,2026,COMPRA_DIRETA,Compra direta,"Aquisição de 1.200 (mil e duzentos) parafusos curtos Phillips M4 x 10mm com porcas inox chato, para fixação das prateleiras de aço das estantes da biblioteca, com entrega integral",1176,540,CRIATIVA SOLUCOES PARA CONSTRUCAO LTDA,Não identificado no documento,Lei 14.133/21 (identificada pelo filtro aplicado; artigo não identificado no documento),Não identificado no documento,Concluído,Não identificado no documento,https://transparencia.tce.mg.gov.br/public/licitacoes,https://www1.compras.mg.gov.br/processocompra/processo/consultaProcessoCompra.html?orgaoEntidade=1020&numero=273&ano=2026&metodo=pesquisar&estaPesquisando=true,[PREENCHER: após coleta documental]
TCE-MG_2026_COMPRA_DIRETA_000272,272,2026,COMPRA_DIRETA,Compra direta,"cartões de memória, modelo SDXC UHS-II V90 64 GB",4657.45,4495,DBTA PRO LTDA,Não identificado no documento,Lei 14.133/21 (identificada pelo filtro aplicado; artigo não identificado no documento),Não identificado no documento,Concluído,Não identificado no documento,https://transparencia.tce.mg.gov.br/public/licitacoes,https://www1.compras.mg.gov.br/processocompra/processo/consultaProcessoCompra.html?orgaoEntidade=1020&numero=272&ano=2026&metodo=pesquisar&estaPesquisando=true,[PREENCHER: após coleta documental]
TCE-MG_2026_COMPRA_DIRETA_000261,261,2026,COMPRA_DIRETA,Compra direta,Medicamentos e insumos,5529.3,5529.3,DROGARIA GAVEA LTDA -EPP,Não identificado no documento,Lei 14.133/21 (identificada pelo filtro aplicado; artigo não identificado no documento),Não identificado no documento,Concluído,Não identificado no documento,https://transparencia.tce.mg.gov.br/public/licitacoes,https://www1.compras.mg.gov.br/processocompra/processo/consultaProcessoCompra.html?orgaoEntidade=1020&numero=261&ano=2026&metodo=pesquisar&estaPesquisando=true,[PREENCHER: após coleta documental]
TCE-MG_2026_COMPRA_DIRETA_000225,225,2026,COMPRA_DIRETA,Compra direta,"Aquisição de insumos destinados à lavagem e conservação dos
veículos oficiais, com entrega integral, sendo eles:
",2764.7,2455,TRG COMERCIO DE PRODUTOS AUTOMOTIVOS LTDA,Não identificado no documento,Lei 14.133/21 (identificada pelo filtro aplicado; artigo não identificado no documento),Não identificado no documento,Concluído,Não identificado no documento,https://transparencia.tce.mg.gov.br/public/licitacoes,https://www1.compras.mg.gov.br/processocompra/processo/consultaProcessoCompra.html?orgaoEntidade=1020&numero=225&ano=2026&metodo=pesquisar&estaPesquisando=true,[PREENCHER: após coleta documental]
TCE-MG_2026_COMPRA_DIRETA_000223,223,2026,COMPRA_DIRETA,Compra direta,"Contratação de empresa especializada na elaboração de projeto de Arquitetura e Engenharia para a modernização do Plenário Milton Campos, localizado no Edifício Sede do TCEMG (SEI 26.0.000004830-4).",33000,33000,ARKI ARQUITETURA LTDA,Não identificado no documento,Lei 14.133/21 (identificada pelo filtro aplicado; artigo não identificado no documento),Não identificado no documento,Concluído,Não identificado no documento,https://transparencia.tce.mg.gov.br/public/licitacoes,https://www1.compras.mg.gov.br/processocompra/processo/consultaProcessoCompra.html?orgaoEntidade=1020&numero=223&ano=2026&metodo=pesquisar&estaPesquisando=true,[PREENCHER: após coleta documental]
TCE-MG_2026_COMPRA_DIRETA_000222,222,2026,COMPRA_DIRETA,Compra direta,"Aquisição de materiais, com entrega imediata, de diversos tipos, conforme item 1.1. deste Termo de Referência para utilização e aplicação no Tribunal de Contas do Estado de Minas Gerais (TCEMG).",14326.16,14195,COMERCIAL DA CONSTRUCAO E UTILIDADES AMIGAO LTDA,Não identificado no documento,Lei 14.133/21 (identificada pelo filtro aplicado; artigo não identificado no documento),Não identificado no documento,Concluído,Não identificado no documento,https://transparencia.tce.mg.gov.br/public/licitacoes,https://www1.compras.mg.gov.br/processocompra/processo/consultaProcessoCompra.html?orgaoEntidade=1020&numero=222&ano=2026&metodo=pesquisar&estaPesquisando=true,[PREENCHER: após coleta documental]
TCE-MG_2026_COMPRA_DIRETA_000207,207,2026,COMPRA_DIRETA,Compra direta,"Fornecimento de infraestrutura de eventos para o 1º Encontro de Prefeitos dos Vales Mucuri e Jequitinhonha & Fórum UFVJM de Gestão Pública 4.0, em Diamantina/MG no dia 29/06 e 30/06",20000,20000,11.640.969 LUIS FELIPE ARAUJO PIMENTA,Não identificado no documento,Lei 14.133/21 (identificada pelo filtro aplicado; artigo não identificado no documento),Não identificado no documento,Concluído,Não identificado no documento,https://transparencia.tce.mg.gov.br/public/licitacoes,https://www1.compras.mg.gov.br/processocompra/processo/consultaProcessoCompra.html?orgaoEntidade=1020&numero=207&ano=2026&metodo=pesquisar&estaPesquisando=true,[PREENCHER: após coleta documental]
TCE-MG_2026_COMPRA_DIRETA_000206,206,2026,COMPRA_DIRETA,Compra direta,Fornecimento de serviços de coffee break para o 1º Encontro de Prefeitos dos Vales Mucuri e Jequitinhonha & Fórum UFVJM de Gestão Pública 4.,19600,19600,LEONARDO ALVES DOS REIS 08978463622,Não identificado no documento,Lei 14.133/21 (identificada pelo filtro aplicado; artigo não identificado no documento),Não identificado no documento,Concluído,Não identificado no documento,https://transparencia.tce.mg.gov.br/public/licitacoes,https://www1.compras.mg.gov.br/processocompra/processo/consultaProcessoCompra.html?orgaoEntidade=1020&numero=206&ano=2026&metodo=pesquisar&estaPesquisando=true,[PREENCHER: após coleta documental]
TCE-MG_2026_COMPRA_DIRETA_000203,203,2026,COMPRA_DIRETA,Compra direta,"Locação de 1 boxtruss em estrutura Q15 ou Q25, com 6m de largura x 2,50m de altura, montados no piso com disposição a definir.

Envelopado em lona com impressão 4 cores, acabamento em ilhós para fix",2660,2120,PLOTACAD IMPRESSAO DIGITAL LTDA - ME,Não identificado no documento,Lei 14.133/21 (identificada pelo filtro aplicado; artigo não identificado no documento),Não identificado no documento,Concluído,Não identificado no documento,https://transparencia.tce.mg.gov.br/public/licitacoes,https://www1.compras.mg.gov.br/processocompra/processo/consultaProcessoCompra.html?orgaoEntidade=1020&numero=203&ano=2026&metodo=pesquisar&estaPesquisando=true,[PREENCHER: após coleta documental]
TCE-MG_2026_COMPRA_DIRETA_000199,199,2026,COMPRA_DIRETA,Compra direta,Confecção de 400 (quatrocentos) ventarolas.,868,868,MEGA GRAFICA OFFSET LTDA - ME,Não identificado no documento,Lei 14.133/21 (identificada pelo filtro aplicado; artigo não identificado no documento),Não identificado no documento,Concluído,Não identificado no documento,https://transparencia.tce.mg.gov.br/public/licitacoes,https://www1.compras.mg.gov.br/processocompra/processo/consultaProcessoCompra.html?orgaoEntidade=1020&numero=199&ano=2026&metodo=pesquisar&estaPesquisando=true,[PREENCHER: após coleta documental]
TCE-MG_2026_COMPRA_DIRETA_000196,196,2026,COMPRA_DIRETA,Compra direta,Lixeiras individuais na cor VERDE para armazenamento de vidros visando a coleta seletiva e reciclagem deste material,1665.8,1393,GERBRA COMERCIO LTDA - ME,Não identificado no documento,Lei 14.133/21 (identificada pelo filtro aplicado; artigo não identificado no documento),Não identificado no documento,Concluído,Não identificado no documento,https://transparencia.tce.mg.gov.br/public/licitacoes,https://www1.compras.mg.gov.br/processocompra/processo/consultaProcessoCompra.html?orgaoEntidade=1020&numero=196&ano=2026&metodo=pesquisar&estaPesquisando=true,[PREENCHER: após coleta documental]
TCE-MG_2026_COMPRA_DIRETA_000193,193,2026,COMPRA_DIRETA,Compra direta,"Contratação de empresa especializada na prestação de serviços de locação de estrutura de boxtruss para o evento ""Semana do Orgulho LGBTQIAPN+"", a ser realizado no dia 23 de junho de 2026, no TCEMG.",2660,2660,SNC ESTRUTURAS E EVENTOS LTDA - EPP,Não identificado no documento,Lei 14.133/21 (identificada pelo filtro aplicado; artigo não identificado no documento),Não identificado no documento,Concluído,Não identificado no documento,https://transparencia.tce.mg.gov.br/public/licitacoes,https://www1.compras.mg.gov.br/processocompra/processo/consultaProcessoCompra.html?orgaoEntidade=1020&numero=193&ano=2026&metodo=pesquisar&estaPesquisando=true,[PREENCHER: após coleta documental]
TCE-MG_2026_COMPRA_DIRETA_000178,178,2026,COMPRA_DIRETA,Compra direta,"Contratação de empresa que forneça serviços de coffee break, com pessoal, estrutura, mobiliário e vasilhame, para atender demanda que ocorrerá no dia 27 de outubro de 2026, no Palácio das Artes.",41228.9,32970,MARILIA DE DIRCEU INDUSTRIA E COMERCIO DE ALIMENTOS LTDA - EPP,Não identificado no documento,Lei 14.133/21 (identificada pelo filtro aplicado; artigo não identificado no documento),Não identificado no documento,Concluído,Não identificado no documento,https://transparencia.tce.mg.gov.br/public/licitacoes,https://www1.compras.mg.gov.br/processocompra/processo/consultaProcessoCompra.html?orgaoEntidade=1020&numero=178&ano=2026&metodo=pesquisar&estaPesquisando=true,[PREENCHER: após coleta documental]
TCE-MG_2026_COMPRA_DIRETA_000176,176,2026,COMPRA_DIRETA,Compra direta,"Aquisição de 20 rolos de Fita Velcro, com entrega integral.",1981.8,1959.8,B. VINICIUS MARTINS COMERCIO DE ARTIGOS PARA CALCADOS,Não identificado no documento,Lei 14.133/21 (identificada pelo filtro aplicado; artigo não identificado no documento),Não identificado no documento,Concluído,Não identificado no documento,https://transparencia.tce.mg.gov.br/public/licitacoes,https://www1.compras.mg.gov.br/processocompra/processo/consultaProcessoCompra.html?orgaoEntidade=1020&numero=176&ano=2026&metodo=pesquisar&estaPesquisando=true,[PREENCHER: após coleta documental]
TCE-MG_2026_COMPRA_DIRETA_000155,155,2026,COMPRA_DIRETA,Compra direta,"Aquisição de UTENSÍLIOS de copa/cozinha para uso das copas da Presidência, das autoridades do Tribunal de Contas o, visando garantir o fornecimento de almoço da Presidência e café para as autoridades,",2152.5,2127,ORMIMAQ ORGANIZACAO MINEIRA DE MAQUINAS LTDA,Não identificado no documento,Lei 14.133/21 (identificada pelo filtro aplicado; artigo não identificado no documento),Não identificado no documento,Concluído,Não identificado no documento,https://transparencia.tce.mg.gov.br/public/licitacoes,https://www1.compras.mg.gov.br/processocompra/processo/consultaProcessoCompra.html?orgaoEntidade=1020&numero=155&ano=2026&metodo=pesquisar&estaPesquisando=true,[PREENCHER: após coleta documental]
TCE-MG_2026_COMPRA_DIRETA_000142,142,2026,COMPRA_DIRETA,Compra direta,Aquisição de 23 (vinte e três) conjuntos pedagógicos de conscientização ambiental (Kit Lixeira Educativa),2435.93,2069.77,JULU BRINQUEDOS EDUCATIVOS LTDA,Não identificado no documento,Lei 14.133/21 (identificada pelo filtro aplicado; artigo não identificado no documento),Não identificado no documento,Concluído,Não identificado no documento,https://transparencia.tce.mg.gov.br/public/licitacoes,https://www1.compras.mg.gov.br/processocompra/processo/consultaProcessoCompra.html?orgaoEntidade=1020&numero=142&ano=2026&metodo=pesquisar&estaPesquisando=true,[PREENCHER: após coleta documental]
TCE-MG_2026_COMPRA_DIRETA_000141,141,2026,COMPRA_DIRETA,Compra direta,"Locação de 200 cadeiras a serem entregues no Tribunal de Contas do Estado de Minas Gerais (TCE/MG), até às 12h do dia 27/05/2026, devendo ser retiradas as 8h do dia 30/05/2026",1474,1300,G L T MOREIRA LOCACOES E EVENTOS,Não identificado no documento,Lei 14.133/21 (identificada pelo filtro aplicado; artigo não identificado no documento),Não identificado no documento,Concluído,Não identificado no documento,https://transparencia.tce.mg.gov.br/public/licitacoes,https://www1.compras.mg.gov.br/processocompra/processo/consultaProcessoCompra.html?orgaoEntidade=1020&numero=141&ano=2026&metodo=pesquisar&estaPesquisando=true,[PREENCHER: após coleta documental]
TCE-MG_2026_COMPRA_DIRETA_000140,140,2026,COMPRA_DIRETA,Compra direta,"Aquisição de 43 (quarenta e três) foneS de ouvido intra-auriculares de borracha clara (transparente), microfone e botão PTT integrados, de fabricação original Motorola.",18576,18576,ACENT RADIOS DE COMUNICACAO COMERCIO E SERVICOS LTDA,Não identificado no documento,Lei 14.133/21 (identificada pelo filtro aplicado; artigo não identificado no documento),Não identificado no documento,Concluído,Não identificado no documento,https://transparencia.tce.mg.gov.br/public/licitacoes,https://www1.compras.mg.gov.br/processocompra/processo/consultaProcessoCompra.html?orgaoEntidade=1020&numero=140&ano=2026&metodo=pesquisar&estaPesquisando=true,[PREENCHER: após coleta documental]
TCE-MG_2026_COMPRA_DIRETA_000134,134,2026,COMPRA_DIRETA,Compra direta,"Fornecimento de balança digital tipo plataforma, capacidade de até 200kg, para pesagem de lixo e resíduos descartados no TCEMG.",2329.74,2270,BALANCAS NET COMERCIO DE BALANCAS LTDA,Não identificado no documento,Lei 14.133/21 (identificada pelo filtro aplicado; artigo não identificado no documento),Não identificado no documento,Concluído,Não identificado no documento,https://transparencia.tce.mg.gov.br/public/licitacoes,https://www1.compras.mg.gov.br/processocompra/processo/consultaProcessoCompra.html?orgaoEntidade=1020&numero=134&ano=2026&metodo=pesquisar&estaPesquisando=true,[PREENCHER: após coleta documental]
TCE-MG_2026_COMPRA_DIRETA_000133,133,2026,COMPRA_DIRETA,Compra direta,"Contratação de empresa especializada para fornecimento de placas de homenagem, com respectivos estojos",636.36,634,WSM ACRILICOS LTDA,Não identificado no documento,Lei 14.133/21 (identificada pelo filtro aplicado; artigo não identificado no documento),Não identificado no documento,Concluído,Não identificado no documento,https://transparencia.tce.mg.gov.br/public/licitacoes,https://www1.compras.mg.gov.br/processocompra/processo/consultaProcessoCompra.html?orgaoEntidade=1020&numero=133&ano=2026&metodo=pesquisar&estaPesquisando=true,[PREENCHER: após coleta documental]
TCE-MG_2026_COMPRA_DIRETA_000130,130,2026,COMPRA_DIRETA,Compra direta,Confecção de 400 (quatrocentos) blocos personalizados.,2520,1824,MEGA GRAFICA OFFSET LTDA - ME,Não identificado no documento,Lei 14.133/21 (identificada pelo filtro aplicado; artigo não identificado no documento),Não identificado no documento,Concluído,Não identificado no documento,https://transparencia.tce.mg.gov.br/public/licitacoes,https://www1.compras.mg.gov.br/processocompra/processo/consultaProcessoCompra.html?orgaoEntidade=1020&numero=130&ano=2026&metodo=pesquisar&estaPesquisando=true,[PREENCHER: após coleta documental]
TCE-MG_2026_COMPRA_DIRETA_000128,128,2026,COMPRA_DIRETA,Compra direta,"Contratação de empresa especializada na confecção de 400 (quatrocentas)
unidades de canetas personalizadas.
",1068,668,IJA BRINDES E MARKETING PROMOCIONAL LTDA,Não identificado no documento,Lei 14.133/21 (identificada pelo filtro aplicado; artigo não identificado no documento),Não identificado no documento,Concluído,Não identificado no documento,https://transparencia.tce.mg.gov.br/public/licitacoes,https://www1.compras.mg.gov.br/processocompra/processo/consultaProcessoCompra.html?orgaoEntidade=1020&numero=128&ano=2026&metodo=pesquisar&estaPesquisando=true,[PREENCHER: após coleta documental]
TCE-MG_2026_COMPRA_DIRETA_000126,126,2026,COMPRA_DIRETA,Compra direta,"Contratação de empresa especializada para a confecção, fornecimento e instalação de elementos de comunicação visual, destinados à Campanha Institucional de Integridade.",8668.33,5600,V+ COMUNICACAO VISUAL LTDA,Não identificado no documento,Lei 14.133/21 (identificada pelo filtro aplicado; artigo não identificado no documento),Não identificado no documento,Concluído,Não identificado no documento,https://transparencia.tce.mg.gov.br/public/licitacoes,https://www1.compras.mg.gov.br/processocompra/processo/consultaProcessoCompra.html?orgaoEntidade=1020&numero=126&ano=2026&metodo=pesquisar&estaPesquisando=true,[PREENCHER: após coleta documental]
TCE-MG_2026_COMPRA_DIRETA_000118,118,2026,COMPRA_DIRETA,Compra direta,"Aquisição de 11 (onze) poltronas giratórias espaldar alto em couro, com entrega integral",60500.04,60500,CENTRA MOVEIS S/A,Não identificado no documento,Lei 14.133/21 (identificada pelo filtro aplicado; artigo não identificado no documento),Não identificado no documento,Concluído,Não identificado no documento,https://transparencia.tce.mg.gov.br/public/licitacoes,https://www1.compras.mg.gov.br/processocompra/processo/consultaProcessoCompra.html?orgaoEntidade=1020&numero=118&ano=2026&metodo=pesquisar&estaPesquisando=true,[PREENCHER: após coleta documental]
TCE-MG_2026_COMPRA_DIRETA_000116,116,2026,COMPRA_DIRETA,Compra direta,CERTIFICADO DIGITAL SSL/TLS WILDCARD,7849.92,2500,X.DIGITAL BRASIL SEGURANCA DA INFORMACAO LTDA,Não identificado no documento,Lei 14.133/21 (identificada pelo filtro aplicado; artigo não identificado no documento),Não identificado no documento,Concluído,Não identificado no documento,https://transparencia.tce.mg.gov.br/public/licitacoes,https://www1.compras.mg.gov.br/processocompra/processo/consultaProcessoCompra.html?orgaoEntidade=1020&numero=116&ano=2026&metodo=pesquisar&estaPesquisando=true,[PREENCHER: após coleta documental]
TCE-MG_2026_COMPRA_DIRETA_000115,115,2026,COMPRA_DIRETA,Compra direta,Customização de stands do TCEMG no evento 41º Congresso Mineiro de Municípios promovido pela Associação Mineira de Municípios - AMM,23664.94,23491.88,FACILITY SOLUCOES EM MONTAGENS PARA EVENTOS LTDA,Não identificado no documento,Lei 14.133/21 (identificada pelo filtro aplicado; artigo não identificado no documento),Não identificado no documento,Concluído,Não identificado no documento,https://transparencia.tce.mg.gov.br/public/licitacoes,https://www1.compras.mg.gov.br/processocompra/processo/consultaProcessoCompra.html?orgaoEntidade=1020&numero=115&ano=2026&metodo=pesquisar&estaPesquisando=true,[PREENCHER: após coleta documental]
TCE-MG_2026_COMPRA_DIRETA_000114,114,2026,COMPRA_DIRETA,Compra direta,Confecção de 800 (oitocentas) unidades de lápis semente em cartela personalizada,5584,3544,IJA BRINDES E MARKETING PROMOCIONAL LTDA,Não identificado no documento,Lei 14.133/21 (identificada pelo filtro aplicado; artigo não identificado no documento),Não identificado no documento,Concluído,Não identificado no documento,https://transparencia.tce.mg.gov.br/public/licitacoes,https://www1.compras.mg.gov.br/processocompra/processo/consultaProcessoCompra.html?orgaoEntidade=1020&numero=114&ano=2026&metodo=pesquisar&estaPesquisando=true,[PREENCHER: após coleta documental]
TCE-MG_2026_COMPRA_DIRETA_000111,111,2026,COMPRA_DIRETA,Compra direta,"Aquisição de 04 máquinas de café elétricas industrial, com entrega integral, para atender as demandas das copas deste Tribunal.",10800,10800,VARIMAQ EQUIPAMENTOS LTDA,Não identificado no documento,Lei 14.133/21 (identificada pelo filtro aplicado; artigo não identificado no documento),Não identificado no documento,Concluído,Não identificado no documento,https://transparencia.tce.mg.gov.br/public/licitacoes,https://www1.compras.mg.gov.br/processocompra/processo/consultaProcessoCompra.html?orgaoEntidade=1020&numero=111&ano=2026&metodo=pesquisar&estaPesquisando=true,[PREENCHER: após coleta documental]
TCE-MG_2026_COMPRA_DIRETA_000108,108,2026,COMPRA_DIRETA,Compra direta,"Manutenção corretiva, com reposição de peças, no aparelho celular institucional Samsung Galaxy S23 Ultra 5G, patrimônio nº 12769904-0.",2530,2530,CELL PHONE ASSISTENCIA TECNICA LTDA,Não identificado no documento,Lei 14.133/21 (identificada pelo filtro aplicado; artigo não identificado no documento),Não identificado no documento,Concluído,Não identificado no documento,https://transparencia.tce.mg.gov.br/public/licitacoes,https://www1.compras.mg.gov.br/processocompra/processo/consultaProcessoCompra.html?orgaoEntidade=1020&numero=108&ano=2026&metodo=pesquisar&estaPesquisando=true,[PREENCHER: após coleta documental]
TCE-MG_2026_COMPRA_DIRETA_000105,105,2026,COMPRA_DIRETA,Compra direta,Contratação de empresa especializada na prestação dos serviços gráficos de impressão de 400 (quatrocentos) crachás e 30 (trinta) credenciais para o XII Fórum Nacional de Bibliotecários e Arquivistas.,709.5,635,A EDITORA LTDA,Não identificado no documento,Lei 14.133/21 (identificada pelo filtro aplicado; artigo não identificado no documento),Não identificado no documento,Concluído,Não identificado no documento,https://transparencia.tce.mg.gov.br/public/licitacoes,https://www1.compras.mg.gov.br/processocompra/processo/consultaProcessoCompra.html?orgaoEntidade=1020&numero=105&ano=2026&metodo=pesquisar&estaPesquisando=true,[PREENCHER: após coleta documental]
TCE-MG_2026_COMPRA_DIRETA_000102,102,2026,COMPRA_DIRETA,Compra direta,Confecção de 300 (trezentas) unidades de canetas personalizadas,834,573,IJA BRINDES E MARKETING PROMOCIONAL LTDA,Não identificado no documento,Lei 14.133/21 (identificada pelo filtro aplicado; artigo não identificado no documento),Não identificado no documento,Concluído,Não identificado no documento,https://transparencia.tce.mg.gov.br/public/licitacoes,https://www1.compras.mg.gov.br/processocompra/processo/consultaProcessoCompra.html?orgaoEntidade=1020&numero=102&ano=2026&metodo=pesquisar&estaPesquisando=true,[PREENCHER: após coleta documental]
TCE-MG_2026_COMPRA_DIRETA_000099,99,2026,COMPRA_DIRETA,Compra direta,"Confecção de pastas personalizadas em razão da realização do ""Encontro de Auditores de Controle Externo"", no dia 27 de abril de 2026 no Tribunal.",2271,2250,AMERICA PLASTICOS E BRINDES COMERCIO E INDUSTRIA LTDA,Não identificado no documento,Lei 14.133/21 (identificada pelo filtro aplicado; artigo não identificado no documento),Não identificado no documento,Concluído,Não identificado no documento,https://transparencia.tce.mg.gov.br/public/licitacoes,https://www1.compras.mg.gov.br/processocompra/processo/consultaProcessoCompra.html?orgaoEntidade=1020&numero=99&ano=2026&metodo=pesquisar&estaPesquisando=true,[PREENCHER: após coleta documental]
TCE-MG_2026_COMPRA_DIRETA_000098,98,2026,COMPRA_DIRETA,Compra direta,A aquisição de 3.000 (três mil) bottons personalizados.,858.78,858.78,REDE EDITORA GRAFICA LTDA,Não identificado no documento,Lei 14.133/21 (identificada pelo filtro aplicado; artigo não identificado no documento),Não identificado no documento,Concluído,Não identificado no documento,https://transparencia.tce.mg.gov.br/public/licitacoes,https://www1.compras.mg.gov.br/processocompra/processo/consultaProcessoCompra.html?orgaoEntidade=1020&numero=98&ano=2026&metodo=pesquisar&estaPesquisando=true,[PREENCHER: após coleta documental]
TCE-MG_2026_COMPRA_DIRETA_000097,97,2026,COMPRA_DIRETA,Compra direta,"Aquisição de 01 (uma) impressora de cartões de identificação , bem como de 10 (dez) ribbons coloridos originais compatíveis  com a impressora",12880.43,12541.29,PLAY DEVELOPER INFORMATICA LTDA,Não identificado no documento,Lei 14.133/21 (identificada pelo filtro aplicado; artigo não identificado no documento),Não identificado no documento,Concluído,Não identificado no documento,https://transparencia.tce.mg.gov.br/public/licitacoes,https://www1.compras.mg.gov.br/processocompra/processo/consultaProcessoCompra.html?orgaoEntidade=1020&numero=97&ano=2026&metodo=pesquisar&estaPesquisando=true,[PREENCHER: após coleta documental]
TCE-MG_2026_COMPRA_DIRETA_000096,96,2026,COMPRA_DIRETA,Compra direta,"Aquisição de pins institucionais personalizados, destinados à promoção de ações institucionais e uso em solenidades oficiais.",12708,7600,METALVEST INDUSTRIA E COMERCIO LTDA - EPP,Não identificado no documento,Lei 14.133/21 (identificada pelo filtro aplicado; artigo não identificado no documento),Não identificado no documento,Concluído,Não identificado no documento,https://transparencia.tce.mg.gov.br/public/licitacoes,https://www1.compras.mg.gov.br/processocompra/processo/consultaProcessoCompra.html?orgaoEntidade=1020&numero=96&ano=2026&metodo=pesquisar&estaPesquisando=true,[PREENCHER: após coleta documental]
TCE-MG_2026_COMPRA_DIRETA_000093,93,2026,COMPRA_DIRETA,Compra direta,"Confecção de 10.000 (dez mil) bottons para o credenciamento e a adequada organização do público nos eventos realizados pelo TCEMG, com artes e especificações distintas.

",1221.16,1050,REDE EDITORA GRAFICA LTDA,Não identificado no documento,Lei 14.133/21 (identificada pelo filtro aplicado; artigo não identificado no documento),Não identificado no documento,Concluído,Não identificado no documento,https://transparencia.tce.mg.gov.br/public/licitacoes,https://www1.compras.mg.gov.br/processocompra/processo/consultaProcessoCompra.html?orgaoEntidade=1020&numero=93&ano=2026&metodo=pesquisar&estaPesquisando=true,[PREENCHER: após coleta documental]
TCE-MG_2026_COMPRA_DIRETA_000092,92,2026,COMPRA_DIRETA,Compra direta,"Subscrição de Licença de software e extensão de texto para fala (TTS) que transforma texto escrito em áudio com vozes naturais, utilizando IA para criar locuções realistas para auxiliar pessoas com de",973.3,850,REFERENCE TECNOLOGIA DA INFORMACAO LTDA,Não identificado no documento,Lei 14.133/21 (identificada pelo filtro aplicado; artigo não identificado no documento),Não identificado no documento,Concluído,Não identificado no documento,https://transparencia.tce.mg.gov.br/public/licitacoes,https://www1.compras.mg.gov.br/processocompra/processo/consultaProcessoCompra.html?orgaoEntidade=1020&numero=92&ano=2026&metodo=pesquisar&estaPesquisando=true,[PREENCHER: após coleta documental]
TCE-MG_2026_COMPRA_DIRETA_000091,91,2026,COMPRA_DIRETA,Compra direta,"Confecção de 300 (trezentos) blocos personalizados, destinadas ao evento
""Encontro de Auditores de Controle Externo"", a ser realizado no dia 27 de abril de
2026, nas dependências do Tribunal.",1296,1296,MEGA GRAFICA OFFSET LTDA - ME,Não identificado no documento,Lei 14.133/21 (identificada pelo filtro aplicado; artigo não identificado no documento),Não identificado no documento,Concluído,Não identificado no documento,https://transparencia.tce.mg.gov.br/public/licitacoes,https://www1.compras.mg.gov.br/processocompra/processo/consultaProcessoCompra.html?orgaoEntidade=1020&numero=91&ano=2026&metodo=pesquisar&estaPesquisando=true,[PREENCHER: após coleta documental]
TCE-MG_2026_COMPRA_DIRETA_000090,90,2026,COMPRA_DIRETA,Compra direta,"Confecção de 300 (trezentos) blocos personalizados, destinadas ao evento
""Encontro de Auditores de Controle Externo"", a ser realizado no dia 27 de abril de
2026, nas dependências do Tribunal.",1296,834,MEGA GRAFICA OFFSET LTDA - ME,Não identificado no documento,Lei 14.133/21 (identificada pelo filtro aplicado; artigo não identificado no documento),Não identificado no documento,Concluído,Não identificado no documento,https://transparencia.tce.mg.gov.br/public/licitacoes,https://www1.compras.mg.gov.br/processocompra/processo/consultaProcessoCompra.html?orgaoEntidade=1020&numero=90&ano=2026&metodo=pesquisar&estaPesquisando=true,[PREENCHER: após coleta documental]
TCE-MG_2026_COMPRA_DIRETA_000086,86,2026,COMPRA_DIRETA,Compra direta,Aquisição de 100 envelopes personalizados e confecção de 100 cartazes.,2668.67,1909,REDE EDITORA GRAFICA LTDA,Não identificado no documento,Lei 14.133/21 (identificada pelo filtro aplicado; artigo não identificado no documento),Não identificado no documento,Concluído,Não identificado no documento,https://transparencia.tce.mg.gov.br/public/licitacoes,https://www1.compras.mg.gov.br/processocompra/processo/consultaProcessoCompra.html?orgaoEntidade=1020&numero=86&ano=2026&metodo=pesquisar&estaPesquisando=true,[PREENCHER: após coleta documental]
TCE-MG_2026_COMPRA_DIRETA_000084,84,2026,COMPRA_DIRETA,Compra direta,"Conforme descrito no processo SEI - 26.0.000001205-9.
MOVEL EXPOSITOR - UTILIZACAO: EXPOSICAO DE OBJETOS E OBRAS DE ARTE; MODELO: CAIXA
BOX; MEDIDA: 50CM X 50CM X 120CM (TAMNAHO GRANDE); MATERIA-PRI",29900,29900,MOBILETTO INDUSTRIA E COMERCIO LTDA -EPP,Não identificado no documento,Lei 14.133/21 (identificada pelo filtro aplicado; artigo não identificado no documento),Não identificado no documento,Concluído,Não identificado no documento,https://transparencia.tce.mg.gov.br/public/licitacoes,https://www1.compras.mg.gov.br/processocompra/processo/consultaProcessoCompra.html?orgaoEntidade=1020&numero=84&ano=2026&metodo=pesquisar&estaPesquisando=true,[PREENCHER: após coleta documental]
TCE-MG_2026_COMPRA_DIRETA_000083_921B510F,83,2026,COMPRA_DIRETA,Compra direta,"Trofeus e placa de honraria, itens fracassados na Cotep 1021007 53/2026.",332.5,0,INEXISTENTE,Não identificado no documento,Lei 14.133/21 (identificada pelo filtro aplicado; artigo não identificado no documento),Não identificado no documento,Concluído,Não identificado no documento,https://transparencia.tce.mg.gov.br/public/licitacoes,https://www1.compras.mg.gov.br/processocompra/processo/consultaProcessoCompra.html?orgaoEntidade=1020&numero=83&ano=2026&metodo=pesquisar&estaPesquisando=true,[PREENCHER: após coleta documental]
TCE-MG_2026_COMPRA_DIRETA_000083_4C48DF7E,83,2026,COMPRA_DIRETA,Compra direta,"Trofeus e placa de honraria, itens fracassados na Cotep 1021007 53/2026.",622,504,WSM ACRILICOS LTDA,Não identificado no documento,Lei 14.133/21 (identificada pelo filtro aplicado; artigo não identificado no documento),Não identificado no documento,Concluído,Não identificado no documento,https://transparencia.tce.mg.gov.br/public/licitacoes,https://www1.compras.mg.gov.br/processocompra/processo/consultaProcessoCompra.html?orgaoEntidade=1020&numero=83&ano=2026&metodo=pesquisar&estaPesquisando=true,[PREENCHER: após coleta documental]
TCE-MG_2026_COMPRA_DIRETA_000082,82,2026,COMPRA_DIRETA,Compra direta,"Serviços de marcenaria para confecção de móveis para a exposição do Núcleo de Cultura conforme
processo SEI - 26.0.000001205-9.
",7000,7000,MOBILETTO INDUSTRIA E COMERCIO LTDA -EPP,Não identificado no documento,Lei 14.133/21 (identificada pelo filtro aplicado; artigo não identificado no documento),Não identificado no documento,Concluído,Não identificado no documento,https://transparencia.tce.mg.gov.br/public/licitacoes,https://www1.compras.mg.gov.br/processocompra/processo/consultaProcessoCompra.html?orgaoEntidade=1020&numero=82&ano=2026&metodo=pesquisar&estaPesquisando=true,[PREENCHER: após coleta documental]
TCE-MG_2026_COMPRA_DIRETA_000080,80,2026,COMPRA_DIRETA,Compra direta,"Confecção de 300 (trezentos) crachás, destinados ao evento ""Encontro de Auditores de Controle Externo"", a ser realizado no dia 27 de abril de 2026, nas dependências do Tribunal.",510,460,A EDITORA LTDA,Não identificado no documento,Lei 14.133/21 (identificada pelo filtro aplicado; artigo não identificado no documento),Não identificado no documento,Concluído,Não identificado no documento,https://transparencia.tce.mg.gov.br/public/licitacoes,https://www1.compras.mg.gov.br/processocompra/processo/consultaProcessoCompra.html?orgaoEntidade=1020&numero=80&ano=2026&metodo=pesquisar&estaPesquisando=true,[PREENCHER: após coleta documental]
TCE-MG_2026_COMPRA_DIRETA_000078,78,2026,COMPRA_DIRETA,Compra direta,"Contratação de empresa especializada na prestação de serviços de locação de estrutura
de boxtruss para o evento XII Fórum Nacional de Bibliotecários e Arquivistas
(Bibliocontas), a ser realizado nos",2120,2120,PLOTACAD IMPRESSAO DIGITAL LTDA - ME,Não identificado no documento,Lei 14.133/21 (identificada pelo filtro aplicado; artigo não identificado no documento),Não identificado no documento,Concluído,Não identificado no documento,https://transparencia.tce.mg.gov.br/public/licitacoes,https://www1.compras.mg.gov.br/processocompra/processo/consultaProcessoCompra.html?orgaoEntidade=1020&numero=78&ano=2026&metodo=pesquisar&estaPesquisando=true,[PREENCHER: após coleta documental]
TCE-MG_2026_COMPRA_DIRETA_000075,75,2026,COMPRA_DIRETA,Compra direta,Aquisição de tampa para caixa d'água de 25.000 litros para instalação no reservatório de água de chuva do Edifício Suricato.,3532,2883,SHOPPISCINAS INDUSTRIA E COMERCIO LTDA -EPP,Não identificado no documento,Lei 14.133/21 (identificada pelo filtro aplicado; artigo não identificado no documento),Não identificado no documento,Concluído,Não identificado no documento,https://transparencia.tce.mg.gov.br/public/licitacoes,https://www1.compras.mg.gov.br/processocompra/processo/consultaProcessoCompra.html?orgaoEntidade=1020&numero=75&ano=2026&metodo=pesquisar&estaPesquisando=true,[PREENCHER: após coleta documental]
TCE-MG_2026_COMPRA_DIRETA_000065,65,2026,COMPRA_DIRETA,Compra direta,"Aquisição de 02 (dois) quadros (lousa) de vidro temperado brancos magnéticos, com entrega integral (SEI 26.0.000000364-5)",1647.36,1432.32,LOUSAS BRASIL COMERCIO DE QUADROS E ARTIGOS ESCOLARES LTDA,Não identificado no documento,Lei 14.133/21 (identificada pelo filtro aplicado; artigo não identificado no documento),Não identificado no documento,Concluído,Não identificado no documento,https://transparencia.tce.mg.gov.br/public/licitacoes,https://www1.compras.mg.gov.br/processocompra/processo/consultaProcessoCompra.html?orgaoEntidade=1020&numero=65&ano=2026&metodo=pesquisar&estaPesquisando=true,[PREENCHER: após coleta documental]
TCE-MG_2026_COMPRA_DIRETA_000063,63,2026,COMPRA_DIRETA,Compra direta,2.000 (dois mil) blocos para distribuição aos participantes nos Seminários Promovidos pelo TCE MG Cultural.,7860,5640,MEGA GRAFICA OFFSET LTDA - ME,Não identificado no documento,Lei 14.133/21 (identificada pelo filtro aplicado; artigo não identificado no documento),Não identificado no documento,Concluído,Não identificado no documento,https://transparencia.tce.mg.gov.br/public/licitacoes,https://www1.compras.mg.gov.br/processocompra/processo/consultaProcessoCompra.html?orgaoEntidade=1020&numero=63&ano=2026&metodo=pesquisar&estaPesquisando=true,[PREENCHER: após coleta documental]
TCE-MG_2026_COMPRA_DIRETA_000062,62,2026,COMPRA_DIRETA,Compra direta,"Contratação de empresa especializada na prestação de serviços de locação de estrutura de boxtruss para a realização dos Seminários: ""Implementação dos Sistemas Municipais de Cultura""",1930,1930,PLOTACAD IMPRESSAO DIGITAL LTDA - ME,Não identificado no documento,Lei 14.133/21 (identificada pelo filtro aplicado; artigo não identificado no documento),Não identificado no documento,Concluído,Não identificado no documento,https://transparencia.tce.mg.gov.br/public/licitacoes,https://www1.compras.mg.gov.br/processocompra/processo/consultaProcessoCompra.html?orgaoEntidade=1020&numero=62&ano=2026&metodo=pesquisar&estaPesquisando=true,[PREENCHER: após coleta documental]
TCE-MG_2026_COMPRA_DIRETA_000058,58,2026,COMPRA_DIRETA,Compra direta,"Aquisição de 900 kg (novecentos quilogramas) de café torrado e moído, 100% (cem por cento) da espécie arábica, tipo gourmet, padrão de qualidade global entre 7,3 e 10, com entrega trimestralmente.",64800,62100,EMPRESA DE PESQUISA AGROPECUARIA DE MINAS GERAIS - EPAMIG,Não identificado no documento,Lei 14.133/21 (identificada pelo filtro aplicado; artigo não identificado no documento),Não identificado no documento,Concluído,Não identificado no documento,https://transparencia.tce.mg.gov.br/public/licitacoes,https://www1.compras.mg.gov.br/processocompra/processo/consultaProcessoCompra.html?orgaoEntidade=1020&numero=58&ano=2026&metodo=pesquisar&estaPesquisando=true,[PREENCHER: após coleta documental]
TCE-MG_2026_COMPRA_DIRETA_000057,57,2026,COMPRA_DIRETA,Compra direta,"Confecção de placas e de poste destinados à sinalização interna e externa do Tribunal, em conformidade com a ABNT NBR 16820 e com o Plano de Intervenção de Incêndio vigente.",2476.61,2159.9,BRASIL INDUSTRIAL CONSTRUCOES LTDA,Não identificado no documento,Lei 14.133/21 (identificada pelo filtro aplicado; artigo não identificado no documento),Não identificado no documento,Concluído,Não identificado no documento,https://transparencia.tce.mg.gov.br/public/licitacoes,https://www1.compras.mg.gov.br/processocompra/processo/consultaProcessoCompra.html?orgaoEntidade=1020&numero=57&ano=2026&metodo=pesquisar&estaPesquisando=true,[PREENCHER: após coleta documental]
TCE-MG_2026_COMPRA_DIRETA_000054,54,2026,COMPRA_DIRETA,Compra direta,"Serviços contínuos de gestão, coleta, armazenamento, transporte, tratamento e destinação final dos resíduos provenientes de lâmpadas LED, fluorescentes e de multivapores metálicos",24504.6,14490,ATIVA MINAS GESTAO AMBIENTAL LTDA,Não identificado no documento,Lei 14.133/21 (identificada pelo filtro aplicado; artigo não identificado no documento),Não identificado no documento,Concluído,Não identificado no documento,https://transparencia.tce.mg.gov.br/public/licitacoes,https://www1.compras.mg.gov.br/processocompra/processo/consultaProcessoCompra.html?orgaoEntidade=1020&numero=54&ano=2026&metodo=pesquisar&estaPesquisando=true,[PREENCHER: após coleta documental]
TCE-MG_2026_COMPRA_DIRETA_000040,40,2026,COMPRA_DIRETA,Compra direta,"Contratação de empresa especializada para a
prestação de serviços de manutenção em 10 (dez)
nobreaks, conforme anexo I, incluindo, substituição
de componentes defeituosos (quando necessário),
limp",3640,3640,TECMINAS NOBREAKS E ESTABILIZADORES LTDA - ME,Não identificado no documento,Lei 14.133/21 (identificada pelo filtro aplicado; artigo não identificado no documento),Não identificado no documento,Concluído,Não identificado no documento,https://transparencia.tce.mg.gov.br/public/licitacoes,https://www1.compras.mg.gov.br/processocompra/processo/consultaProcessoCompra.html?orgaoEntidade=1020&numero=40&ano=2026&metodo=pesquisar&estaPesquisando=true,[PREENCHER: após coleta documental]
TCE-MG_2026_COMPRA_DIRETA_000021,21,2026,COMPRA_DIRETA,Compra direta,Aquisição de 39 vasos de polietileno reciclado com os respectivos pratos de rega,8027.37,5499,FOSTER PLAST INDUSTRIA COMERCIO IMPORTACAO E EXPORTACAO DE PRODUTOS PLASTICOS LTDA,Não identificado no documento,Lei 14.133/21 (identificada pelo filtro aplicado; artigo não identificado no documento),Não identificado no documento,Concluído,Não identificado no documento,https://transparencia.tce.mg.gov.br/public/licitacoes,https://www1.compras.mg.gov.br/processocompra/processo/consultaProcessoCompra.html?orgaoEntidade=1020&numero=21&ano=2026&metodo=pesquisar&estaPesquisando=true,[PREENCHER: após coleta documental]
TCE-MG_2026_COMPRA_DIRETA_000020_22F0D40C,20,2026,COMPRA_DIRETA,Compra direta,Prestação de serviços contínuos de e-mail marketing.,15976.64,6142.92,HOMEMURBANO EIRELI,Não identificado no documento,Lei 14.133/21 (identificada pelo filtro aplicado; artigo não identificado no documento),Não identificado no documento,Concluído,Não identificado no documento,https://transparencia.tce.mg.gov.br/public/licitacoes,https://www1.compras.mg.gov.br/processocompra/processo/consultaProcessoCompra.html?orgaoEntidade=1020&numero=20&ano=2026&metodo=pesquisar&estaPesquisando=true,[PREENCHER: após coleta documental]
TCE-MG_2026_COMPRA_DIRETA_000020_C4980A73,20,2026,COMPRA_DIRETA,Compra direta,Coletes e camisas,10007.53,9930,S.S.SILVA ALVO MILITAR LTDA,Não identificado no documento,Lei 14.133/21 (identificada pelo filtro aplicado; artigo não identificado no documento),Não identificado no documento,Concluído,Não identificado no documento,https://transparencia.tce.mg.gov.br/public/licitacoes,https://www1.compras.mg.gov.br/processocompra/processo/consultaProcessoCompra.html?orgaoEntidade=1020&numero=20&ano=2026&metodo=pesquisar&estaPesquisando=true,[PREENCHER: após coleta documental]
TCE-MG_2026_COMPRA_DIRETA_000019,19,2026,COMPRA_DIRETA,Compra direta,Uniformes para os motoristas,18574.4,14808.6,COULER INDUSTRIA E REPRESENTACAO LTDA,Não identificado no documento,Lei 14.133/21 (identificada pelo filtro aplicado; artigo não identificado no documento),Não identificado no documento,Concluído,Não identificado no documento,https://transparencia.tce.mg.gov.br/public/licitacoes,https://www1.compras.mg.gov.br/processocompra/processo/consultaProcessoCompra.html?orgaoEntidade=1020&numero=19&ano=2026&metodo=pesquisar&estaPesquisando=true,[PREENCHER: após coleta documental]
TCE-MG_2026_COMPRA_DIRETA_000018,18,2026,COMPRA_DIRETA,Compra direta,Confecção de 2 (duas) molduras para certificado.,737.06,510,GUILHERME FELIPE MARQUES DA COSTA,Não identificado no documento,Lei 14.133/21 (identificada pelo filtro aplicado; artigo não identificado no documento),Não identificado no documento,Concluído,Não identificado no documento,https://transparencia.tce.mg.gov.br/public/licitacoes,https://www1.compras.mg.gov.br/processocompra/processo/consultaProcessoCompra.html?orgaoEntidade=1020&numero=18&ano=2026&metodo=pesquisar&estaPesquisando=true,[PREENCHER: após coleta documental]
TCE-MG_2026_COMPRA_DIRETA_000017,17,2026,COMPRA_DIRETA,Compra direta,"Aquisição de 05 (cinco) aparelhos telefônicos digitais sem fio sem ramal e de 05 (cinco) aparelhos telefônicos digitais sem fio com extensão para 01 (um) ramal, com entrega integral.",2609.95,2499.95,INB COMERCIO LTDA,Não identificado no documento,Lei 14.133/21 (identificada pelo filtro aplicado; artigo não identificado no documento),Não identificado no documento,Concluído,Não identificado no documento,https://transparencia.tce.mg.gov.br/public/licitacoes,https://www1.compras.mg.gov.br/processocompra/processo/consultaProcessoCompra.html?orgaoEntidade=1020&numero=17&ano=2026&metodo=pesquisar&estaPesquisando=true,[PREENCHER: após coleta documental]
TCE-MG_2026_COMPRA_DIRETA_000016_3B19CA50,16,2026,COMPRA_DIRETA,Compra direta,A recarga de extintores é necessária para manter a eficácia desses equipamentos,9862,9862,CR2 SISTEMA DE COMBATE A INCENDIO LTDA,Não identificado no documento,Lei 14.133/21 (identificada pelo filtro aplicado; artigo não identificado no documento),Não identificado no documento,Concluído,Não identificado no documento,https://transparencia.tce.mg.gov.br/public/licitacoes,https://www1.compras.mg.gov.br/processocompra/processo/consultaProcessoCompra.html?orgaoEntidade=1020&numero=16&ano=2026&metodo=pesquisar&estaPesquisando=true,[PREENCHER: após coleta documental]
TCE-MG_2026_COMPRA_DIRETA_000016_28EDE379,16,2026,COMPRA_DIRETA,Compra direta,Locação de Micro-ônibus para o deslocamento dos Facilitadores da Sustentabilidade e Integrantes da Comissão de Sustentabilidade.,1342.5,1000,WADSON GERALDO D ALVES DE CASTRO LTDA,Não identificado no documento,Lei 14.133/21 (identificada pelo filtro aplicado; artigo não identificado no documento),Não identificado no documento,Concluído,Não identificado no documento,https://transparencia.tce.mg.gov.br/public/licitacoes,https://www1.compras.mg.gov.br/processocompra/processo/consultaProcessoCompra.html?orgaoEntidade=1020&numero=16&ano=2026&metodo=pesquisar&estaPesquisando=true,[PREENCHER: após coleta documental]
TCE-MG_2026_COMPRA_DIRETA_000015,15,2026,COMPRA_DIRETA,Compra direta,"Lavagem de 20 (vinte) persianas, perfazendo 42 metros lineares x 2,33 m de altura das persianas, incluindo retirada e reinstalação, e eventual manutenção",1737.97,1710,LAERCIO SOUZA CARDOSO - CPF 32493177649 - ME,Não identificado no documento,Lei 14.133/21 (identificada pelo filtro aplicado; artigo não identificado no documento),Não identificado no documento,Concluído,Não identificado no documento,https://transparencia.tce.mg.gov.br/public/licitacoes,https://www1.compras.mg.gov.br/processocompra/processo/consultaProcessoCompra.html?orgaoEntidade=1020&numero=15&ano=2026&metodo=pesquisar&estaPesquisando=true,[PREENCHER: após coleta documental]
TCE-MG_2026_COMPRA_DIRETA_000014,14,2026,COMPRA_DIRETA,Compra direta,Execução da Ata de Registro de Preço 01/2026 referente a contratação de coffee break (SEI 26.0.000000549-4),3750,3750,CRISART EVENTOS LTDA - ME,Não identificado no documento,Lei 14.133/21 (identificada pelo filtro aplicado; artigo não identificado no documento),Não identificado no documento,Concluído,Não identificado no documento,https://transparencia.tce.mg.gov.br/public/licitacoes,https://www1.compras.mg.gov.br/processocompra/processo/consultaProcessoCompra.html?orgaoEntidade=1020&numero=14&ano=2026&metodo=pesquisar&estaPesquisando=true,[PREENCHER: após coleta documental]
TCE-MG_2026_COMPRA_DIRETA_000013_F0906773,13,2026,COMPRA_DIRETA,Compra direta,Aquisição de aparelhos telefônicos digitais sem fio,2609.95,1631.65,ORGANIZACOES CEITEL LTDA,Não identificado no documento,Lei 14.133/21 (identificada pelo filtro aplicado; artigo não identificado no documento),Não identificado no documento,Concluído,Não identificado no documento,https://transparencia.tce.mg.gov.br/public/licitacoes,https://www1.compras.mg.gov.br/processocompra/processo/consultaProcessoCompra.html?orgaoEntidade=1020&numero=13&ano=2026&metodo=pesquisar&estaPesquisando=true,[PREENCHER: após coleta documental]
TCE-MG_2026_COMPRA_DIRETA_000013_2C806DA3,13,2026,COMPRA_DIRETA,Compra direta,"Pagamento de franquia de seguro de veículo oficial Citroën, placa PUE-8928 (SHM-5J25), para a empresa Porto Seguro Companhia de Seguros Gerais, por DEA (SEI 25.0.000009728-7)",5640,5640,PORTO SEGURO COMPANHIA DE SEGUROS GERAIS,Não identificado no documento,Lei 14.133/21 (identificada pelo filtro aplicado; artigo não identificado no documento),Não identificado no documento,Concluído,Não identificado no documento,https://transparencia.tce.mg.gov.br/public/licitacoes,https://www1.compras.mg.gov.br/processocompra/processo/consultaProcessoCompra.html?orgaoEntidade=1020&numero=13&ano=2026&metodo=pesquisar&estaPesquisando=true,[PREENCHER: após coleta documental]
TCE-MG_2026_COMPRA_DIRETA_000012_EE024FB2,12,2026,COMPRA_DIRETA,Compra direta,Utensílios de copeiragem,645.12,710.4,ALIANCA UTILIDADES & SERVICOS LTDA,Não identificado no documento,Lei 14.133/21 (identificada pelo filtro aplicado; artigo não identificado no documento),Não identificado no documento,Concluído,Não identificado no documento,https://transparencia.tce.mg.gov.br/public/licitacoes,https://www1.compras.mg.gov.br/processocompra/processo/consultaProcessoCompra.html?orgaoEntidade=1020&numero=12&ano=2026&metodo=pesquisar&estaPesquisando=true,[PREENCHER: após coleta documental]
TCE-MG_2026_COMPRA_DIRETA_000012_D8C59BB9,12,2026,COMPRA_DIRETA,Compra direta,Utensílios de copeiragem,537,537,JLIRIC COMERCIO DE ARTIGOS DE DECORACAO DE MESA LTDA,Não identificado no documento,Lei 14.133/21 (identificada pelo filtro aplicado; artigo não identificado no documento),Não identificado no documento,Concluído,Não identificado no documento,https://transparencia.tce.mg.gov.br/public/licitacoes,https://www1.compras.mg.gov.br/processocompra/processo/consultaProcessoCompra.html?orgaoEntidade=1020&numero=12&ano=2026&metodo=pesquisar&estaPesquisando=true,[PREENCHER: após coleta documental]
TCE-MG_2026_COMPRA_DIRETA_000012_95940649,12,2026,COMPRA_DIRETA,Compra direta,Utensílios de copeiragem,973.09,895.09,P&Y COMERCIO  LTDA,Não identificado no documento,Lei 14.133/21 (identificada pelo filtro aplicado; artigo não identificado no documento),Não identificado no documento,Concluído,Não identificado no documento,https://transparencia.tce.mg.gov.br/public/licitacoes,https://www1.compras.mg.gov.br/processocompra/processo/consultaProcessoCompra.html?orgaoEntidade=1020&numero=12&ano=2026&metodo=pesquisar&estaPesquisando=true,[PREENCHER: após coleta documental]
TCE-MG_2026_COMPRA_DIRETA_000011,11,2026,COMPRA_DIRETA,Compra direta,Lápis semente em cartela personalizada,1214,1098,IJA BRINDES E MARKETING PROMOCIONAL LTDA,Não identificado no documento,Lei 14.133/21 (identificada pelo filtro aplicado; artigo não identificado no documento),Não identificado no documento,Concluído,Não identificado no documento,https://transparencia.tce.mg.gov.br/public/licitacoes,https://www1.compras.mg.gov.br/processocompra/processo/consultaProcessoCompra.html?orgaoEntidade=1020&numero=11&ano=2026&metodo=pesquisar&estaPesquisando=true,[PREENCHER: após coleta documental]
TCE-MG_2026_COMPRA_DIRETA_000010,10,2026,COMPRA_DIRETA,Compra direta,"Participação em cursos, seminários, congressos (internacional) - Empresa GOES ¿ Gestión y Organización de Estancias en Salamanca, S.L
",75264,75264,"GOES ¿ GESTIÓN Y ORGANIZACIÓN DE ESTANCIAS EN SALAMANCA, S.L.",Não identificado no documento,Lei 14.133/21 (identificada pelo filtro aplicado; artigo não identificado no documento),Não identificado no documento,Concluído,Não identificado no documento,https://transparencia.tce.mg.gov.br/public/licitacoes,https://www1.compras.mg.gov.br/processocompra/processo/consultaProcessoCompra.html?orgaoEntidade=1020&numero=10&ano=2026&metodo=pesquisar&estaPesquisando=true,[PREENCHER: após coleta documental]
TCE-MG_2026_COMPRA_DIRETA_000009_FB824BAF,9,2026,COMPRA_DIRETA,Compra direta,"Emissão de certificação digital e-CNPJ A1, com validade de 12 (doze meses), incluindo visita técnica para validação do certificado nas dependências do TCEMG",115,115,MIND CERTIFICADORA LTDA,Não identificado no documento,Lei 14.133/21 (identificada pelo filtro aplicado; artigo não identificado no documento),Não identificado no documento,Concluído,Não identificado no documento,https://transparencia.tce.mg.gov.br/public/licitacoes,https://www1.compras.mg.gov.br/processocompra/processo/consultaProcessoCompra.html?orgaoEntidade=1020&numero=9&ano=2026&metodo=pesquisar&estaPesquisando=true,[PREENCHER: após coleta documental]
TCE-MG_2026_COMPRA_DIRETA_000009_2514FED0,9,2026,COMPRA_DIRETA,Compra direta,"Confecção e fornecimento de 2 (duas) bandeiras temáticas para celebração da semana do orgulho gay, LGBTQIAPN+ e de 1 (um) florão temático para compor uma das bandeiras temáticas LGBTQIAPN+.",682.79,480,AUTENTICA - BANDEIRAS E CONFECCOES LTDA -ME,Não identificado no documento,Lei 14.133/21 (identificada pelo filtro aplicado; artigo não identificado no documento),Não identificado no documento,Concluído,Não identificado no documento,https://transparencia.tce.mg.gov.br/public/licitacoes,https://www1.compras.mg.gov.br/processocompra/processo/consultaProcessoCompra.html?orgaoEntidade=1020&numero=9&ano=2026&metodo=pesquisar&estaPesquisando=true,[PREENCHER: após coleta documental]
TCE-MG_2026_COMPRA_DIRETA_000006,6,2026,COMPRA_DIRETA,Compra direta,3 (três) molduras destinadas ao acondicionamento e exposição de medalhas institucionais.,1114.09,980,GUILHERME FELIPE MARQUES DA COSTA,Não identificado no documento,Lei 14.133/21 (identificada pelo filtro aplicado; artigo não identificado no documento),30/03/2026,Concluído,Não identificado no documento,https://transparencia.tce.mg.gov.br/public/licitacoes,https://www1.compras.mg.gov.br/processocompra/processo/consultaProcessoCompra.html?orgaoEntidade=1020&numero=6&ano=2026&metodo=pesquisar&estaPesquisando=true,[PREENCHER: após coleta documental]
TCE-MG_2026_COMPRA_DIRETA_000005,5,2026,COMPRA_DIRETA,Compra direta,Pacômetro e trena analógica,5489.87,4510.7,PALACIO DAS FERRAMENTAS E PARAFUSOS LTDA,Não identificado no documento,Lei 14.133/21 (identificada pelo filtro aplicado; artigo não identificado no documento),Não identificado no documento,Concluído,Não identificado no documento,https://transparencia.tce.mg.gov.br/public/licitacoes,https://www1.compras.mg.gov.br/processocompra/processo/consultaProcessoCompra.html?orgaoEntidade=1020&numero=5&ano=2026&metodo=pesquisar&estaPesquisando=true,[PREENCHER: após coleta documental]
TCE-MG_2026_COMPRA_DIRETA_000003,3,2026,COMPRA_DIRETA,Compra direta,"consultoria especializada para elaboração do inventário de emissões de gases de efeito estufa (GEE) contemplando Escopos 1, 2 e 3, e elaboração do Plano de Descarbonização do TCEMG",18833.33,16500,ATENA SERVICOS DE ENGENHARIA E CONSULTORIA LTDA,Não identificado no documento,Lei 14.133/21 (identificada pelo filtro aplicado; artigo não identificado no documento),Não identificado no documento,Concluído,Não identificado no documento,https://transparencia.tce.mg.gov.br/public/licitacoes,https://www1.compras.mg.gov.br/processocompra/processo/consultaProcessoCompra.html?orgaoEntidade=1020&numero=3&ano=2026&metodo=pesquisar&estaPesquisando=true,[PREENCHER: após coleta documental]
TCE-MG_2025_COMPRA_DIRETA_000309,309,2025,COMPRA_DIRETA,Compra direta,"ILUMINADOR - IDENTIFICACAO: LED COM 600 LAMPADAS; CONTROLE: AJUSTAVEL -  (DIMMER);
ALCANCE: 1 M -4680 LUX - 5.500K; TENSAO: 110/220 V;",1288.47,1198,MINAS COMERCIO E SERVICOS LTDA,Não identificado no documento,Lei 14.133/21 (identificada pelo filtro aplicado; artigo não identificado no documento),Não identificado no documento,Concluído,Não identificado no documento,https://transparencia.tce.mg.gov.br/public/licitacoes,https://www1.compras.mg.gov.br/processocompra/processo/consultaProcessoCompra.html?orgaoEntidade=1020&numero=309&ano=2025&metodo=pesquisar&estaPesquisando=true,[PREENCHER: após coleta documental]
TCE-MG_2025_COMPRA_DIRETA_000307,307,2025,COMPRA_DIRETA,Compra direta,TAPETE CAPACHO VINÍLICOS - PVC.,6200,6200,MASTER COMERCIO DE TAPETES LTDA - ME,Não identificado no documento,Lei 14.133/21 (identificada pelo filtro aplicado; artigo não identificado no documento),Não identificado no documento,Concluído,Não identificado no documento,https://transparencia.tce.mg.gov.br/public/licitacoes,https://www1.compras.mg.gov.br/processocompra/processo/consultaProcessoCompra.html?orgaoEntidade=1020&numero=307&ano=2025&metodo=pesquisar&estaPesquisando=true,[PREENCHER: após coleta documental]
TCE-MG_2025_COMPRA_DIRETA_000300,300,2025,COMPRA_DIRETA,Compra direta,"Aquisição de arranjos de flores, para a solenidade de posse do Conselheiro Alencar da Silveira,, que ocorrerá no dia 09 de dezembro de 2025",3434,3434,A&C EVENTOS LTDA - ME,Não identificado no documento,Lei 14.133/21 (identificada pelo filtro aplicado; artigo não identificado no documento),Não identificado no documento,Concluído,Não identificado no documento,https://transparencia.tce.mg.gov.br/public/licitacoes,https://www1.compras.mg.gov.br/processocompra/processo/consultaProcessoCompra.html?orgaoEntidade=1020&numero=300&ano=2025&metodo=pesquisar&estaPesquisando=true,[PREENCHER: após coleta documental]
TCE-MG_2025_COMPRA_DIRETA_000295,295,2025,COMPRA_DIRETA,Compra direta,"Serviços de coffee break, com pessoal, estrutura e vasilhame, para atender demanda do dia 09 de dezembro de 2025, relativa a posse do Conselheiro Alencar da Silveira",15117,15117,ANGELO RONCALLI DE ASSIS RAMOS LTDA,Não identificado no documento,Lei 14.133/21 (identificada pelo filtro aplicado; artigo não identificado no documento),Não identificado no documento,Concluído,Não identificado no documento,https://transparencia.tce.mg.gov.br/public/licitacoes,https://www1.compras.mg.gov.br/processocompra/processo/consultaProcessoCompra.html?orgaoEntidade=1020&numero=295&ano=2025&metodo=pesquisar&estaPesquisando=true,[PREENCHER: após coleta documental]
TCE-MG_2025_COMPRA_DIRETA_000290,290,2025,COMPRA_DIRETA,Compra direta,Aquisição de 12.000 etiquetas para  impressora térmica do tipo QL820 NWB com entrega integral.,2245.5,2245.5,VERTICE LICITACOES LTDA,Não identificado no documento,Lei 14.133/21 (identificada pelo filtro aplicado; artigo não identificado no documento),Não identificado no documento,Concluído,Não identificado no documento,https://transparencia.tce.mg.gov.br/public/licitacoes,https://www1.compras.mg.gov.br/processocompra/processo/consultaProcessoCompra.html?orgaoEntidade=1020&numero=290&ano=2025&metodo=pesquisar&estaPesquisando=true,[PREENCHER: após coleta documental]
TCE-MG_2025_COMPRA_DIRETA_000285,285,2025,COMPRA_DIRETA,Compra direta,"Pagamento de franquia de seguro de veículo oficial Citroën, placa PUE-8938 (SIC-8B21)",5640,5640,PRIME AUTOMOTIVE OFICINA DE AUTOMOVEIS LTDA,Não identificado no documento,Lei 14.133/21 (identificada pelo filtro aplicado; artigo não identificado no documento),Não identificado no documento,Concluído,Não identificado no documento,https://transparencia.tce.mg.gov.br/public/licitacoes,https://www1.compras.mg.gov.br/processocompra/processo/consultaProcessoCompra.html?orgaoEntidade=1020&numero=285&ano=2025&metodo=pesquisar&estaPesquisando=true,[PREENCHER: após coleta documental]
TCE-MG_2025_COMPRA_DIRETA_000278,278,2025,COMPRA_DIRETA,Compra direta,"Fornecimento e instalação de janelas acústicas para bloqueio de ruídos proveniente principalmente de tráfego de veículos e obras, com entrega integral (SEI 25.0.000009552-7).",26391.56,38578.97,SOLUCIONNE TERMO-ACUSTICO DO BRASIL LTDA -ME,Não identificado no documento,Lei 14.133/21 (identificada pelo filtro aplicado; artigo não identificado no documento),Não identificado no documento,Concluído,Não identificado no documento,https://transparencia.tce.mg.gov.br/public/licitacoes,https://www1.compras.mg.gov.br/processocompra/processo/consultaProcessoCompra.html?orgaoEntidade=1020&numero=278&ano=2025&metodo=pesquisar&estaPesquisando=true,[PREENCHER: após coleta documental]
TCE-MG_2025_COMPRA_DIRETA_000277,277,2025,COMPRA_DIRETA,Compra direta,"Serviço de coffee break para o Salão Mestre de Piranga, para 250 pessoas, incluindo estrutura e vasilhame, para atender evento programado para o dia 14/11/2025 (SEI 25.0.000010183-7).",7475,7475,ANGELO RONCALLI DE ASSIS RAMOS LTDA,Não identificado no documento,Lei 14.133/21 (identificada pelo filtro aplicado; artigo não identificado no documento),Não identificado no documento,Concluído,Não identificado no documento,https://transparencia.tce.mg.gov.br/public/licitacoes,https://www1.compras.mg.gov.br/processocompra/processo/consultaProcessoCompra.html?orgaoEntidade=1020&numero=277&ano=2025&metodo=pesquisar&estaPesquisando=true,[PREENCHER: após coleta documental]
TCE-MG_2025_COMPRA_DIRETA_000272,272,2025,COMPRA_DIRETA,Compra direta,Prestação de serviços especializados de encadernação de 62 (sessenta e dois) volumes de atas das sessões plenárias do TCEMG,3613.33,3410,MARIA DANIELA DOS SANTOS MILSON LOPES 10165083603,Não identificado no documento,Lei 14.133/21 (identificada pelo filtro aplicado; artigo não identificado no documento),Não identificado no documento,Concluído,Não identificado no documento,https://transparencia.tce.mg.gov.br/public/licitacoes,https://www1.compras.mg.gov.br/processocompra/processo/consultaProcessoCompra.html?orgaoEntidade=1020&numero=272&ano=2025&metodo=pesquisar&estaPesquisando=true,[PREENCHER: após coleta documental]
TCE-MG_2025_COMPRA_DIRETA_000271,271,2025,COMPRA_DIRETA,Compra direta,"Serviços gráficos para impressão de 1000 credenciais para a Escola de Contas.
",1200,980,GRAFICA CENTRAL EDITORA E DIGITAL LTDA,Não identificado no documento,Lei 14.133/21 (identificada pelo filtro aplicado; artigo não identificado no documento),Não identificado no documento,Concluído,Não identificado no documento,https://transparencia.tce.mg.gov.br/public/licitacoes,https://www1.compras.mg.gov.br/processocompra/processo/consultaProcessoCompra.html?orgaoEntidade=1020&numero=271&ano=2025&metodo=pesquisar&estaPesquisando=true,[PREENCHER: após coleta documental]
TCE-MG_2025_COMPRA_DIRETA_000270,270,2025,COMPRA_DIRETA,Compra direta,"Pagamento de franquia de seguro de veículo oficial Citroën, placa PUE-8928 (SHM-5J25).",5640,5640,PRIME AUTOMOTIVE OFICINA DE AUTOMOVEIS LTDA,Não identificado no documento,Lei 14.133/21 (identificada pelo filtro aplicado; artigo não identificado no documento),Não identificado no documento,Concluído,Não identificado no documento,https://transparencia.tce.mg.gov.br/public/licitacoes,https://www1.compras.mg.gov.br/processocompra/processo/consultaProcessoCompra.html?orgaoEntidade=1020&numero=270&ano=2025&metodo=pesquisar&estaPesquisando=true,[PREENCHER: após coleta documental]
TCE-MG_2025_COMPRA_DIRETA_000268,268,2025,COMPRA_DIRETA,Compra direta,Prestação de serviços de reforma e restauração de mobiliário,45030,45030,QUATTRO LEONI INDUSTRIA E COMERCIO DE MOVEIS LTDA,Não identificado no documento,Lei 14.133/21 (identificada pelo filtro aplicado; artigo não identificado no documento),Não identificado no documento,Concluído,Não identificado no documento,https://transparencia.tce.mg.gov.br/public/licitacoes,https://www1.compras.mg.gov.br/processocompra/processo/consultaProcessoCompra.html?orgaoEntidade=1020&numero=268&ano=2025&metodo=pesquisar&estaPesquisando=true,[PREENCHER: após coleta documental]
TCE-MG_2025_COMPRA_DIRETA_000267,267,2025,COMPRA_DIRETA,Compra direta,"Inscrição para o XXX Congreso Internacional del CLAD, a ser realizado em Assunção/Paraguay, no período de 10 a 13 de novembro de 2025",770,770,CENTRO LATINOAMERICANO DE ADMINISTRACION PARA EL DESARROLLO - CLAD,Não identificado no documento,Lei 14.133/21 (identificada pelo filtro aplicado; artigo não identificado no documento),Não identificado no documento,Concluído,Não identificado no documento,https://transparencia.tce.mg.gov.br/public/licitacoes,https://www1.compras.mg.gov.br/processocompra/processo/consultaProcessoCompra.html?orgaoEntidade=1020&numero=267&ano=2025&metodo=pesquisar&estaPesquisando=true,[PREENCHER: após coleta documental]
TCE-MG_2025_COMPRA_DIRETA_000266,266,2025,COMPRA_DIRETA,Compra direta,"Aquisição de serviços gráficos para impressão de 50 credenciais para a Escola
de Contas e 350 credenciais para o Núcleo de Cultura.",1245,1245,D & M SINALIZACAO LTDA - ME,Não identificado no documento,Lei 14.133/21 (identificada pelo filtro aplicado; artigo não identificado no documento),Não identificado no documento,Concluído,Não identificado no documento,https://transparencia.tce.mg.gov.br/public/licitacoes,https://www1.compras.mg.gov.br/processocompra/processo/consultaProcessoCompra.html?orgaoEntidade=1020&numero=266&ano=2025&metodo=pesquisar&estaPesquisando=true,[PREENCHER: após coleta documental]
TCE-MG_2025_COMPRA_DIRETA_000257,257,2025,COMPRA_DIRETA,Compra direta,"Serviço de manutenção preventiva e corretiva em 2 (dois) equipamentos Desfibrilador Externo Automático (DEA), com eventual substituição e fornecimento de peças.",5778.88,5178.88,CALL MEDICAL TECNOLOGIA EM SERVICOS LTDA,Não identificado no documento,Lei 14.133/21 (identificada pelo filtro aplicado; artigo não identificado no documento),Não identificado no documento,Concluído,Não identificado no documento,https://transparencia.tce.mg.gov.br/public/licitacoes,https://www1.compras.mg.gov.br/processocompra/processo/consultaProcessoCompra.html?orgaoEntidade=1020&numero=257&ano=2025&metodo=pesquisar&estaPesquisando=true,[PREENCHER: após coleta documental]
TCE-MG_2025_COMPRA_DIRETA_000255,255,2025,COMPRA_DIRETA,Compra direta,Contratação de empresa especializada na prestação de serviços gráficos para a Exposição de Canuto em 03/11/2025,780,640,INFORGRAF LTDA - ME,Não identificado no documento,Lei 14.133/21 (identificada pelo filtro aplicado; artigo não identificado no documento),Não identificado no documento,Concluído,Não identificado no documento,https://transparencia.tce.mg.gov.br/public/licitacoes,https://www1.compras.mg.gov.br/processocompra/processo/consultaProcessoCompra.html?orgaoEntidade=1020&numero=255&ano=2025&metodo=pesquisar&estaPesquisando=true,[PREENCHER: após coleta documental]
TCE-MG_2025_COMPRA_DIRETA_000254,254,2025,COMPRA_DIRETA,Compra direta,"Locação de estrutura em boxtruss para o ¿ II Seminário Internacional de Pró-Reparações Históricas¿, a ser realizado nos dias 10 e 11 de novembro de 2025",1400,1400,INFORGRAF LTDA - ME,Não identificado no documento,Lei 14.133/21 (identificada pelo filtro aplicado; artigo não identificado no documento),Não identificado no documento,Concluído,Não identificado no documento,https://transparencia.tce.mg.gov.br/public/licitacoes,https://www1.compras.mg.gov.br/processocompra/processo/consultaProcessoCompra.html?orgaoEntidade=1020&numero=254&ano=2025&metodo=pesquisar&estaPesquisando=true,[PREENCHER: após coleta documental]
TCE-MG_2025_COMPRA_DIRETA_000245,245,2025,COMPRA_DIRETA,Compra direta,"Locação de equipamentos de transmissão online/simultânea para  um evento, a ser realizado no TCEMG",8750,7300,47.116.972 JOAO CARLOS JUNIOR MARINHO,Não identificado no documento,Lei 14.133/21 (identificada pelo filtro aplicado; artigo não identificado no documento),Não identificado no documento,Concluído,Não identificado no documento,https://transparencia.tce.mg.gov.br/public/licitacoes,https://www1.compras.mg.gov.br/processocompra/processo/consultaProcessoCompra.html?orgaoEntidade=1020&numero=245&ano=2025&metodo=pesquisar&estaPesquisando=true,[PREENCHER: após coleta documental]
TCE-MG_2025_COMPRA_DIRETA_000243,243,2025,COMPRA_DIRETA,Compra direta,"Aquisição de 350 canetas personalizadas, com entrega integral, para realização da campanha do Mês da Consciencia Negra",721,721,IJA BRINDES E MARKETING PROMOCIONAL LTDA,Não identificado no documento,Lei 14.133/21 (identificada pelo filtro aplicado; artigo não identificado no documento),Não identificado no documento,Concluído,Não identificado no documento,https://transparencia.tce.mg.gov.br/public/licitacoes,https://www1.compras.mg.gov.br/processocompra/processo/consultaProcessoCompra.html?orgaoEntidade=1020&numero=243&ano=2025&metodo=pesquisar&estaPesquisando=true,[PREENCHER: após coleta documental]
TCE-MG_2025_COMPRA_DIRETA_000239,239,2025,COMPRA_DIRETA,Compra direta,Locação de estrutura em boxtruss,1400,1400,INFORGRAF LTDA - ME,Não identificado no documento,Lei 14.133/21 (identificada pelo filtro aplicado; artigo não identificado no documento),Não identificado no documento,Concluído,Não identificado no documento,https://transparencia.tce.mg.gov.br/public/licitacoes,https://www1.compras.mg.gov.br/processocompra/processo/consultaProcessoCompra.html?orgaoEntidade=1020&numero=239&ano=2025&metodo=pesquisar&estaPesquisando=true,[PREENCHER: após coleta documental]
TCE-MG_2025_COMPRA_DIRETA_000213,213,2025,COMPRA_DIRETA,Compra direta,"Prestação de serviços de locação, montagem e suporte de equipamentos tecnológicos para o evento Dia da Inovação Ada
Lovelace, com data prevista para ocorrer em 02/10/2025. (SEI 25.0.000006315-3)",19220,19220,ON PROJECOES LTDA,Não identificado no documento,Lei 14.133/21 (identificada pelo filtro aplicado; artigo não identificado no documento),Não identificado no documento,Concluído,Não identificado no documento,https://transparencia.tce.mg.gov.br/public/licitacoes,https://www1.compras.mg.gov.br/processocompra/processo/consultaProcessoCompra.html?orgaoEntidade=1020&numero=213&ano=2025&metodo=pesquisar&estaPesquisando=true,[PREENCHER: após coleta documental]
TCE-MG_2025_COMPRA_DIRETA_000212,212,2025,COMPRA_DIRETA,Compra direta,Contratação de empresa especializada para a prestação do serviço de locação de equipamentos de transmissão online para eventos a serem realizados no TCEMG,14545,14545,PRODEL LOCACAO DE EQUIPAMENTOS PARA EVENTOS LTDA,Não identificado no documento,Lei 14.133/21 (identificada pelo filtro aplicado; artigo não identificado no documento),Não identificado no documento,Concluído,Não identificado no documento,https://transparencia.tce.mg.gov.br/public/licitacoes,https://www1.compras.mg.gov.br/processocompra/processo/consultaProcessoCompra.html?orgaoEntidade=1020&numero=212&ano=2025&metodo=pesquisar&estaPesquisando=true,[PREENCHER: após coleta documental]
TCE-MG_2025_COMPRA_DIRETA_000211,211,2025,COMPRA_DIRETA,Compra direta,"Aquisição de materiais de atendimento de urgência, sendo estes: 4  colares cervicais adulto; 4 imobilizadores de cabeça e nuca adulto e 30 unidades de ataduras de crepom 25cm (SEI 25.0.000004286-5)",1127.82,1127,DROGARIA GAVEA LTDA -EPP,Não identificado no documento,Lei 14.133/21 (identificada pelo filtro aplicado; artigo não identificado no documento),Não identificado no documento,Concluído,Não identificado no documento,https://transparencia.tce.mg.gov.br/public/licitacoes,https://www1.compras.mg.gov.br/processocompra/processo/consultaProcessoCompra.html?orgaoEntidade=1020&numero=211&ano=2025&metodo=pesquisar&estaPesquisando=true,[PREENCHER: após coleta documental]
TCE-MG_2025_COMPRA_DIRETA_000209_0E90A7E0,209,2025,COMPRA_DIRETA,Compra direta,"15 (quinze) medalhas, 3 (três) troféus para o Dia da Inovação Ada Lovelace 2025 e 07 (sete) medalhas com fitas e estojos e 07 (sete) diplomas com os respectivos porta diplomas (SEI 25.0.000002653-3)",2322.79,669,INPRINT GRAFICA DIGITAL LTDA - ME,Não identificado no documento,Lei 14.133/21 (identificada pelo filtro aplicado; artigo não identificado no documento),Não identificado no documento,Concluído,Não identificado no documento,https://transparencia.tce.mg.gov.br/public/licitacoes,https://www1.compras.mg.gov.br/processocompra/processo/consultaProcessoCompra.html?orgaoEntidade=1020&numero=209&ano=2025&metodo=pesquisar&estaPesquisando=true,[PREENCHER: após coleta documental]
TCE-MG_2025_COMPRA_DIRETA_000209_966D57CF,209,2025,COMPRA_DIRETA,Compra direta,"15 (quinze) medalhas, 3 (três) troféus para o Dia da Inovação Ada Lovelace 2025 e 07 (sete) medalhas com fitas e estojos e 07 (sete) diplomas com os respectivos porta diplomas (SEI 25.0.000002653-3)",2148.16,1750,MARCIO SANDRO MALLET PEZARIM,Não identificado no documento,Lei 14.133/21 (identificada pelo filtro aplicado; artigo não identificado no documento),Não identificado no documento,Concluído,Não identificado no documento,https://transparencia.tce.mg.gov.br/public/licitacoes,https://www1.compras.mg.gov.br/processocompra/processo/consultaProcessoCompra.html?orgaoEntidade=1020&numero=209&ano=2025&metodo=pesquisar&estaPesquisando=true,[PREENCHER: após coleta documental]
TCE-MG_2025_COMPRA_DIRETA_000209_EBE13DA2,209,2025,COMPRA_DIRETA,Compra direta,"15 (quinze) medalhas, 3 (três) troféus para o Dia da Inovação Ada Lovelace 2025 e 07 (sete) medalhas com fitas e estojos e 07 (sete) diplomas com os respectivos porta diplomas (SEI 25.0.000002653-3)",1703.31,1916.95,MERITO BRINDES E PREMIACOES - LTDA,Não identificado no documento,Lei 14.133/21 (identificada pelo filtro aplicado; artigo não identificado no documento),Não identificado no documento,Concluído,Não identificado no documento,https://transparencia.tce.mg.gov.br/public/licitacoes,https://www1.compras.mg.gov.br/processocompra/processo/consultaProcessoCompra.html?orgaoEntidade=1020&numero=209&ano=2025&metodo=pesquisar&estaPesquisando=true,[PREENCHER: após coleta documental]
TCE-MG_2025_COMPRA_DIRETA_000208,208,2025,COMPRA_DIRETA,Compra direta,Aquisição de medicamentos e insumos,6204.65,4481.9,DROGARIA GAVEA LTDA -EPP,Não identificado no documento,Lei 14.133/21 (identificada pelo filtro aplicado; artigo não identificado no documento),Não identificado no documento,Concluído,Não identificado no documento,https://transparencia.tce.mg.gov.br/public/licitacoes,https://www1.compras.mg.gov.br/processocompra/processo/consultaProcessoCompra.html?orgaoEntidade=1020&numero=208&ano=2025&metodo=pesquisar&estaPesquisando=true,[PREENCHER: após coleta documental]
TCE-MG_2025_COMPRA_DIRETA_000207,207,2025,COMPRA_DIRETA,Compra direta,Locação de 250 cadeiras conforme especificações constantes neste Termo Termo de Referência,2000,2000,JATIM COMERCIO & EMPREENDIMENTOS LTDA,Não identificado no documento,Lei 14.133/21 (identificada pelo filtro aplicado; artigo não identificado no documento),Não identificado no documento,Concluído,Não identificado no documento,https://transparencia.tce.mg.gov.br/public/licitacoes,https://www1.compras.mg.gov.br/processocompra/processo/consultaProcessoCompra.html?orgaoEntidade=1020&numero=207&ano=2025&metodo=pesquisar&estaPesquisando=true,[PREENCHER: após coleta documental]
TCE-MG_2025_COMPRA_DIRETA_000206,206,2025,COMPRA_DIRETA,Compra direta,Contratação de empresa especializada na prestação de serviços de plotagem.,2222,2222,V+ COMUNICACAO VISUAL LTDA,Não identificado no documento,Lei 14.133/21 (identificada pelo filtro aplicado; artigo não identificado no documento),Não identificado no documento,Concluído,Não identificado no documento,https://transparencia.tce.mg.gov.br/public/licitacoes,https://www1.compras.mg.gov.br/processocompra/processo/consultaProcessoCompra.html?orgaoEntidade=1020&numero=206&ano=2025&metodo=pesquisar&estaPesquisando=true,[PREENCHER: após coleta documental]
TCE-MG_2025_COMPRA_DIRETA_000205,205,2025,COMPRA_DIRETA,Compra direta,Aquisição de 30 kits de lixeiras personalizadas para coleta seletiva no Tribunal de Contas do Estado de Minas Gerais (TCEMG),1890,1890,EMPREENDIMENTO COMERCIAL SAARA LTDA - EPP,Não identificado no documento,Lei 14.133/21 (identificada pelo filtro aplicado; artigo não identificado no documento),Não identificado no documento,Concluído,Não identificado no documento,https://transparencia.tce.mg.gov.br/public/licitacoes,https://www1.compras.mg.gov.br/processocompra/processo/consultaProcessoCompra.html?orgaoEntidade=1020&numero=205&ano=2025&metodo=pesquisar&estaPesquisando=true,[PREENCHER: após coleta documental]
TCE-MG_2025_COMPRA_DIRETA_000203,203,2025,COMPRA_DIRETA,Compra direta,"Contratação de empresa especializada para a prestação do serviço de locação de equipamentos de transmissão online para  02 eventos, a serem realizados no TCEMG.",32702.5,23100,PRODEL LOCACAO DE EQUIPAMENTOS PARA EVENTOS LTDA,Não identificado no documento,Lei 14.133/21 (identificada pelo filtro aplicado; artigo não identificado no documento),Não identificado no documento,Concluído,Não identificado no documento,https://transparencia.tce.mg.gov.br/public/licitacoes,https://www1.compras.mg.gov.br/processocompra/processo/consultaProcessoCompra.html?orgaoEntidade=1020&numero=203&ano=2025&metodo=pesquisar&estaPesquisando=true,[PREENCHER: após coleta documental]
TCE-MG_2025_COMPRA_DIRETA_000201,201,2025,COMPRA_DIRETA,Compra direta,"Contratação de empresa especializada para criação de conteúdo visual que será projetado no evento ""Dia da Inovação Ada Lovelace"", em 02/10/2025 no TCEMG. (SEI 25.0.000006309-9)",40000,40000,FIX BROS. PRODUCAO E ENTRETENIMENTO LTDA,Não identificado no documento,Lei 14.133/21 (identificada pelo filtro aplicado; artigo não identificado no documento),Não identificado no documento,Concluído,Não identificado no documento,https://transparencia.tce.mg.gov.br/public/licitacoes,https://www1.compras.mg.gov.br/processocompra/processo/consultaProcessoCompra.html?orgaoEntidade=1020&numero=201&ano=2025&metodo=pesquisar&estaPesquisando=true,[PREENCHER: após coleta documental]
TCE-MG_2025_COMPRA_DIRETA_000200,200,2025,COMPRA_DIRETA,Compra direta,"Aquisição de arranjos de flores, para a solenidade de entrega do Colar do Mérito Ministro José Maria Alkmim, que ocorrerá no dia 09 de setembro de 2025",3476.5,3245,A&C EVENTOS LTDA - ME,Não identificado no documento,Lei 14.133/21 (identificada pelo filtro aplicado; artigo não identificado no documento),Não identificado no documento,Concluído,Não identificado no documento,https://transparencia.tce.mg.gov.br/public/licitacoes,https://www1.compras.mg.gov.br/processocompra/processo/consultaProcessoCompra.html?orgaoEntidade=1020&numero=200&ano=2025&metodo=pesquisar&estaPesquisando=true,[PREENCHER: após coleta documental]
TCE-MG_2025_COMPRA_DIRETA_000194,194,2025,COMPRA_DIRETA,Compra direta,"Confecção de 100 porta diplomas, 10 pastas executivas e 3 pastas de conferência personalizadas conforme arte criada pelo TCEMG",10550,10550,PLASTEFACTO INDUSTRIA E COMERCIO LTDA - EPP,Não identificado no documento,Lei 14.133/21 (identificada pelo filtro aplicado; artigo não identificado no documento),Não identificado no documento,Concluído,Não identificado no documento,https://transparencia.tce.mg.gov.br/public/licitacoes,https://www1.compras.mg.gov.br/processocompra/processo/consultaProcessoCompra.html?orgaoEntidade=1020&numero=194&ano=2025&metodo=pesquisar&estaPesquisando=true,[PREENCHER: após coleta documental]
TCE-MG_2025_COMPRA_DIRETA_000184,184,2025,COMPRA_DIRETA,Compra direta,"Aquisição de 2 (duas) impressoras térmicas para
etiquetas.",3261.3,3260,SEVENTEC COMERCIO LTDA,Não identificado no documento,Lei 14.133/21 (identificada pelo filtro aplicado; artigo não identificado no documento),Não identificado no documento,Concluído,Não identificado no documento,https://transparencia.tce.mg.gov.br/public/licitacoes,https://www1.compras.mg.gov.br/processocompra/processo/consultaProcessoCompra.html?orgaoEntidade=1020&numero=184&ano=2025&metodo=pesquisar&estaPesquisando=true,[PREENCHER: após coleta documental]
TCE-MG_2025_COMPRA_DIRETA_000178,178,2025,COMPRA_DIRETA,Compra direta,"Confecção de 1.200 cadernos personalizados para distribuição aos participantes do II Encontro Nacional da Primeira Infância, que ocorrerá nos dias 27, 28 e 29 de agosto/2025. (SEI 25.0.000007949-1)",26263.2,18480,RONA EDITORA LTDA,Não identificado no documento,Lei 14.133/21 (identificada pelo filtro aplicado; artigo não identificado no documento),Não identificado no documento,Concluído,Não identificado no documento,https://transparencia.tce.mg.gov.br/public/licitacoes,https://www1.compras.mg.gov.br/processocompra/processo/consultaProcessoCompra.html?orgaoEntidade=1020&numero=178&ano=2025&metodo=pesquisar&estaPesquisando=true,[PREENCHER: após coleta documental]
TCE-MG_2025_COMPRA_DIRETA_000171,171,2025,COMPRA_DIRETA,Compra direta,Prestação de serviços de locação de 03 (três) vans executivas com motorista profissional para deslocamento de autoridades e palestrantes.,3300,3300,WADSON GERALDO D ALVES DE CASTRO LTDA,Não identificado no documento,Lei 14.133/21 (identificada pelo filtro aplicado; artigo não identificado no documento),Não identificado no documento,Concluído,Não identificado no documento,https://transparencia.tce.mg.gov.br/public/licitacoes,https://www1.compras.mg.gov.br/processocompra/processo/consultaProcessoCompra.html?orgaoEntidade=1020&numero=171&ano=2025&metodo=pesquisar&estaPesquisando=true,[PREENCHER: após coleta documental]
TCE-MG_2025_COMPRA_DIRETA_000170,170,2025,COMPRA_DIRETA,Compra direta,Prestação de serviços de confecção de 19 (dezenove) placas condecorativas.,2590,2590,MARCO PLACAS INDUSTRIA E COMERCIO LTDA -EPP,Não identificado no documento,Lei 14.133/21 (identificada pelo filtro aplicado; artigo não identificado no documento),Não identificado no documento,Concluído,Não identificado no documento,https://transparencia.tce.mg.gov.br/public/licitacoes,https://www1.compras.mg.gov.br/processocompra/processo/consultaProcessoCompra.html?orgaoEntidade=1020&numero=170&ano=2025&metodo=pesquisar&estaPesquisando=true,[PREENCHER: após coleta documental]
TCE-MG_2025_COMPRA_DIRETA_000152,152,2025,COMPRA_DIRETA,Compra direta,"Prestação de serviços contínuos
especializados em avaliação da qualidade microbiológica e físico-química do ar interior, proveniente dos sistemas de climatização dos Prédios Sede, Anexo I e Anexo II",30972,30972,EUROLAB ANALISES TECNICAS LTDA,Não identificado no documento,Lei 14.133/21 (identificada pelo filtro aplicado; artigo não identificado no documento),Não identificado no documento,Concluído,Não identificado no documento,https://transparencia.tce.mg.gov.br/public/licitacoes,https://www1.compras.mg.gov.br/processocompra/processo/consultaProcessoCompra.html?orgaoEntidade=1020&numero=152&ano=2025&metodo=pesquisar&estaPesquisando=true,[PREENCHER: após coleta documental]
TCE-MG_2025_COMPRA_DIRETA_000150,150,2025,COMPRA_DIRETA,Compra direta,"Contratação de empresa especializada na prestação de serviços de
locação de estrutura em boxtruss para o evento ""XVI Congresso Nacional
do Ministério Público de Contas"", incluindo os serviços de",1420,1420,PLOTACAD IMPRESSAO DIGITAL LTDA - ME,Não identificado no documento,Lei 14.133/21 (identificada pelo filtro aplicado; artigo não identificado no documento),Não identificado no documento,Concluído,Não identificado no documento,https://transparencia.tce.mg.gov.br/public/licitacoes,https://www1.compras.mg.gov.br/processocompra/processo/consultaProcessoCompra.html?orgaoEntidade=1020&numero=150&ano=2025&metodo=pesquisar&estaPesquisando=true,[PREENCHER: após coleta documental]
TCE-MG_2025_COMPRA_DIRETA_000147,147,2025,COMPRA_DIRETA,Compra direta,"Prestação de serviços de confecção e fornecimento de 2 (duas) Bandeiras Oficiais da República Federativa do Brasil (Bandeira do Brasil), 2 (duas) Bandeiras Oficiais do Estado de Minas Gerais, 3 (três)",1875.5,1875.5,BANDERTTINI COMERCIO E CONFECCOES DE BANDEIRAS LTDA - ME,Não identificado no documento,Lei 14.133/21 (identificada pelo filtro aplicado; artigo não identificado no documento),Não identificado no documento,Concluído,Não identificado no documento,https://transparencia.tce.mg.gov.br/public/licitacoes,https://www1.compras.mg.gov.br/processocompra/processo/consultaProcessoCompra.html?orgaoEntidade=1020&numero=147&ano=2025&metodo=pesquisar&estaPesquisando=true,[PREENCHER: após coleta documental]
TCE-MG_2025_COMPRA_DIRETA_000140,140,2025,COMPRA_DIRETA,Compra direta,Aquisição de 04 (quatro) aparelhos telefônicos digitais sem fio com extensão para 01 (um) ramal,1053.72,1039.96,LOJA ELETRICA LTDA,Não identificado no documento,Lei 14.133/21 (identificada pelo filtro aplicado; artigo não identificado no documento),Não identificado no documento,Concluído,Não identificado no documento,https://transparencia.tce.mg.gov.br/public/licitacoes,https://www1.compras.mg.gov.br/processocompra/processo/consultaProcessoCompra.html?orgaoEntidade=1020&numero=140&ano=2025&metodo=pesquisar&estaPesquisando=true,[PREENCHER: após coleta documental]
TCE-MG_2025_COMPRA_DIRETA_000139,139,2025,COMPRA_DIRETA,Compra direta,"Reprodução fotográfica do Conselheiro Gilberto Diniz, com entrega integral.",3500,3500,JOSE MARIA RIBEIRO 00739812653,Não identificado no documento,Lei 14.133/21 (identificada pelo filtro aplicado; artigo não identificado no documento),Não identificado no documento,Concluído,Não identificado no documento,https://transparencia.tce.mg.gov.br/public/licitacoes,https://www1.compras.mg.gov.br/processocompra/processo/consultaProcessoCompra.html?orgaoEntidade=1020&numero=139&ano=2025&metodo=pesquisar&estaPesquisando=true,[PREENCHER: após coleta documental]
TCE-MG_2025_COMPRA_DIRETA_000135,135,2025,COMPRA_DIRETA,Compra direta,"Aquisição de 30 pen cards personalizados com o logotipo do TCEMG, sendo 15 constando a expressão ""Prestação de Contas de 2025"" e 15 com ""Prestação de Contas de 2026""",1150.5,715.5,NOGUEIRA COMERCIO DE BRINDES LTDA,Não identificado no documento,Lei 14.133/21 (identificada pelo filtro aplicado; artigo não identificado no documento),Não identificado no documento,Concluído,Não identificado no documento,https://transparencia.tce.mg.gov.br/public/licitacoes,https://www1.compras.mg.gov.br/processocompra/processo/consultaProcessoCompra.html?orgaoEntidade=1020&numero=135&ano=2025&metodo=pesquisar&estaPesquisando=true,[PREENCHER: após coleta documental]
TCE-MG_2025_COMPRA_DIRETA_000131,131,2025,COMPRA_DIRETA,Compra direta,"prestação de serviços de locação de estrutura em boxtruss para o ""Seminário Cultura, Controle e Direito: troca de olhares, saberes e fazeres"".",850,850,PLOTACAD IMPRESSAO DIGITAL LTDA - ME,Não identificado no documento,Lei 14.133/21 (identificada pelo filtro aplicado; artigo não identificado no documento),Não identificado no documento,Concluído,Não identificado no documento,https://transparencia.tce.mg.gov.br/public/licitacoes,https://www1.compras.mg.gov.br/processocompra/processo/consultaProcessoCompra.html?orgaoEntidade=1020&numero=131&ano=2025&metodo=pesquisar&estaPesquisando=true,[PREENCHER: após coleta documental]
TCE-MG_2025_COMPRA_DIRETA_000128,128,2025,COMPRA_DIRETA,Compra direta,"Aquisição de 350 canetas personalizadas, com entrega integral, para realização do Seminário Cultura, Controle e Direito que será realizado nos dias 7 e 8 de julho de 2025",864.5,864.5,IJA BRINDES E MARKETING PROMOCIONAL LTDA,Não identificado no documento,Lei 14.133/21 (identificada pelo filtro aplicado; artigo não identificado no documento),Não identificado no documento,Concluído,Não identificado no documento,https://transparencia.tce.mg.gov.br/public/licitacoes,https://www1.compras.mg.gov.br/processocompra/processo/consultaProcessoCompra.html?orgaoEntidade=1020&numero=128&ano=2025&metodo=pesquisar&estaPesquisando=true,[PREENCHER: após coleta documental]
TCE-MG_2025_COMPRA_DIRETA_000125,125,2025,COMPRA_DIRETA,Compra direta,Contratação de empresa especializada na prestação de serviços gráficos.,3700,3700,INFORGRAF LTDA - ME,Não identificado no documento,Lei 14.133/21 (identificada pelo filtro aplicado; artigo não identificado no documento),Não identificado no documento,Concluído,Não identificado no documento,https://transparencia.tce.mg.gov.br/public/licitacoes,https://www1.compras.mg.gov.br/processocompra/processo/consultaProcessoCompra.html?orgaoEntidade=1020&numero=125&ano=2025&metodo=pesquisar&estaPesquisando=true,[PREENCHER: após coleta documental]
TCE-MG_2025_COMPRA_DIRETA_000103,103,2025,COMPRA_DIRETA,Compra direta,"Prestação de serviços contínuos de chaveiro com fornecimento de todos os materiais, ferramentas e equipamentos necessários à realização dos serviços, nos Edifícios Sede, Anexos I e II do Tribunal.",44600,44600,CHAVEIRO LUXEMBURGO LTDA -ME,Não identificado no documento,Lei 14.133/21 (identificada pelo filtro aplicado; artigo não identificado no documento),Não identificado no documento,Concluído,Não identificado no documento,https://transparencia.tce.mg.gov.br/public/licitacoes,https://www1.compras.mg.gov.br/processocompra/processo/consultaProcessoCompra.html?orgaoEntidade=1020&numero=103&ano=2025&metodo=pesquisar&estaPesquisando=true,[PREENCHER: após coleta documental]
TCE-MG_2025_COMPRA_DIRETA_000099,99,2025,COMPRA_DIRETA,Compra direta,Contratação de empresa especializada na seleção e entrega de publicações,1368,1368,WEBJUR PROCESSAMENTO DE DADOS LTDA,Não identificado no documento,Lei 14.133/21 (identificada pelo filtro aplicado; artigo não identificado no documento),Não identificado no documento,Concluído,Não identificado no documento,https://transparencia.tce.mg.gov.br/public/licitacoes,https://www1.compras.mg.gov.br/processocompra/processo/consultaProcessoCompra.html?orgaoEntidade=1020&numero=99&ano=2025&metodo=pesquisar&estaPesquisando=true,[PREENCHER: após coleta documental]
TCE-MG_2025_COMPRA_DIRETA_000094,94,2025,COMPRA_DIRETA,Compra direta,Prestação de serviços de traslado do Aeroporto de Montes Claros à cidade de Salinas e vice-versa.,3200,3200,56.105.021 GESSYKA FERNANDA MENDES DE JESUS,Não identificado no documento,Lei 14.133/21 (identificada pelo filtro aplicado; artigo não identificado no documento),Não identificado no documento,Concluído,Não identificado no documento,https://transparencia.tce.mg.gov.br/public/licitacoes,https://www1.compras.mg.gov.br/processocompra/processo/consultaProcessoCompra.html?orgaoEntidade=1020&numero=94&ano=2025&metodo=pesquisar&estaPesquisando=true,[PREENCHER: após coleta documental]
TCE-MG_2025_COMPRA_DIRETA_000082,82,2025,COMPRA_DIRETA,Compra direta,"Aquisição de 300 pins, conforme SEI 25.0.000003152-9.",1455,1455,TEC FREE INDUSTRIA E COMERCIO LTDA - EPP,Não identificado no documento,Lei 14.133/21 (identificada pelo filtro aplicado; artigo não identificado no documento),Não identificado no documento,Concluído,Não identificado no documento,https://transparencia.tce.mg.gov.br/public/licitacoes,https://www1.compras.mg.gov.br/processocompra/processo/consultaProcessoCompra.html?orgaoEntidade=1020&numero=82&ano=2025&metodo=pesquisar&estaPesquisando=true,[PREENCHER: após coleta documental]
TCE-MG_2025_COMPRA_DIRETA_000077,77,2025,COMPRA_DIRETA,Compra direta,01 (uma) caixa de som  (multimídia),156,156,SUMCAMP COMERCIAL LTDA,Não identificado no documento,Lei 14.133/21 (identificada pelo filtro aplicado; artigo não identificado no documento),Não identificado no documento,Concluído,Não identificado no documento,https://transparencia.tce.mg.gov.br/public/licitacoes,https://www1.compras.mg.gov.br/processocompra/processo/consultaProcessoCompra.html?orgaoEntidade=1020&numero=77&ano=2025&metodo=pesquisar&estaPesquisando=true,[PREENCHER: após coleta documental]
TCE-MG_2025_COMPRA_DIRETA_000076,76,2025,COMPRA_DIRETA,Compra direta,Contratação de empresa especializada na seleção e entrega de publicações.,1368,1368,WEBJUR PROCESSAMENTO DE DADOS LTDA,Não identificado no documento,Lei 14.133/21 (identificada pelo filtro aplicado; artigo não identificado no documento),Não identificado no documento,Concluído,Não identificado no documento,https://transparencia.tce.mg.gov.br/public/licitacoes,https://www1.compras.mg.gov.br/processocompra/processo/consultaProcessoCompra.html?orgaoEntidade=1020&numero=76&ano=2025&metodo=pesquisar&estaPesquisando=true,[PREENCHER: após coleta documental]
TCE-MG_2025_COMPRA_DIRETA_000068,68,2025,COMPRA_DIRETA,Compra direta,Contratação de empresa para a prestação de serviços de customização de stands do TCEMG no evento 40º Congresso Mineiro de Municípios promovido pela Associação Mineira de Municípios - AMM.,14520,14520,AMD PROJETOS ENGENHARIA E SERVICOS DE CONSTRUCAO LTDA,Não identificado no documento,Lei 14.133/21 (identificada pelo filtro aplicado; artigo não identificado no documento),Não identificado no documento,Concluído,Não identificado no documento,https://transparencia.tce.mg.gov.br/public/licitacoes,https://www1.compras.mg.gov.br/processocompra/processo/consultaProcessoCompra.html?orgaoEntidade=1020&numero=68&ano=2025&metodo=pesquisar&estaPesquisando=true,[PREENCHER: após coleta documental]
TCE-MG_2025_COMPRA_DIRETA_000056,56,2025,COMPRA_DIRETA,Compra direta,Contratação de serviço de confecção de 01 (um) aparador em vidro temperado com saia de sustentação com entrega integral.,2759.31,2623,52.978.431 WELLINGTON DE PAULA,Não identificado no documento,Lei 14.133/21 (identificada pelo filtro aplicado; artigo não identificado no documento),Não identificado no documento,Concluído,Não identificado no documento,https://transparencia.tce.mg.gov.br/public/licitacoes,https://www1.compras.mg.gov.br/processocompra/processo/consultaProcessoCompra.html?orgaoEntidade=1020&numero=56&ano=2025&metodo=pesquisar&estaPesquisando=true,[PREENCHER: após coleta documental]
TCE-MG_2025_COMPRA_DIRETA_000045,45,2025,COMPRA_DIRETA,Compra direta,"Aquisição de 70 kg (setenta quilogramas) de Café torrado e moído; 100% (cem por cento) da espécie arábica; tipo gourmet; padrão de qualidade global entre 7,3 e 10 pontos; selo ABIC",5349.4,4830,EMPRESA DE PESQUISA AGROPECUARIA DE MINAS GERAIS - EPAMIG,Não identificado no documento,Lei 14.133/21 (identificada pelo filtro aplicado; artigo não identificado no documento),Não identificado no documento,Concluído,Não identificado no documento,https://transparencia.tce.mg.gov.br/public/licitacoes,https://www1.compras.mg.gov.br/processocompra/processo/consultaProcessoCompra.html?orgaoEntidade=1020&numero=45&ano=2025&metodo=pesquisar&estaPesquisando=true,[PREENCHER: após coleta documental]
TCE-MG_2025_COMPRA_DIRETA_000032,32,2025,COMPRA_DIRETA,Compra direta,Prestação de serviços de remanejamento de 2 (dois) aparelhos de ar-condicionado tipo cassete em salas do 2º andar do Edifício Sede do Tribunal de Contas do Estado de Minas Gerais.,9400,9400,"E S N - ENGENHARIA, SOLUCOES E NEGOCIOS EM AR CONDICIONADO LTDA - ME",Não identificado no documento,Lei 14.133/21 (identificada pelo filtro aplicado; artigo não identificado no documento),Não identificado no documento,Concluído,Não identificado no documento,https://transparencia.tce.mg.gov.br/public/licitacoes,https://www1.compras.mg.gov.br/processocompra/processo/consultaProcessoCompra.html?orgaoEntidade=1020&numero=32&ano=2025&metodo=pesquisar&estaPesquisando=true,[PREENCHER: após coleta documental]
TCE-MG_2025_COMPRA_DIRETA_000023,23,2025,COMPRA_DIRETA,Compra direta,"Shampoo e desengordurante automotivo, referente aos lotes 4 e 5 fracassados na COTEP 16/2025.",495,560,ROTIBRIL INDUSTRIA E COMERCIO LTDA-ME,Não identificado no documento,Lei 14.133/21 (identificada pelo filtro aplicado; artigo não identificado no documento),Não identificado no documento,Concluído,Não identificado no documento,https://transparencia.tce.mg.gov.br/public/licitacoes,https://www1.compras.mg.gov.br/processocompra/processo/consultaProcessoCompra.html?orgaoEntidade=1020&numero=23&ano=2025&metodo=pesquisar&estaPesquisando=true,[PREENCHER: após coleta documental]
TCE-MG_2025_COMPRA_DIRETA_000018,18,2025,COMPRA_DIRETA,Compra direta,Armário em MDF,1800,1800,52.802.339 TIAGO DANIEL ALVES DIAS,Não identificado no documento,Lei 14.133/21 (identificada pelo filtro aplicado; artigo não identificado no documento),Não identificado no documento,Concluído,Não identificado no documento,https://transparencia.tce.mg.gov.br/public/licitacoes,https://www1.compras.mg.gov.br/processocompra/processo/consultaProcessoCompra.html?orgaoEntidade=1020&numero=18&ano=2025&metodo=pesquisar&estaPesquisando=true,[PREENCHER: após coleta documental]
TCE-MG_2025_COMPRA_DIRETA_000017,17,2025,COMPRA_DIRETA,Compra direta,"Confecção de 02 (duas) molduras em madeira, com entrega integral",1350,1350,ARTE MOLDURAS LTDA,Não identificado no documento,Lei 14.133/21 (identificada pelo filtro aplicado; artigo não identificado no documento),Não identificado no documento,Concluído,Não identificado no documento,https://transparencia.tce.mg.gov.br/public/licitacoes,https://www1.compras.mg.gov.br/processocompra/processo/consultaProcessoCompra.html?orgaoEntidade=1020&numero=17&ano=2025&metodo=pesquisar&estaPesquisando=true,[PREENCHER: após coleta documental]
TCE-MG_2025_COMPRA_DIRETA_000013,13,2025,COMPRA_DIRETA,Compra direta,Aquisição de  refletores tipo holofote com controle remoto led para iluminar as fachadas dos prédios Principal e Anexo e de luminárias para reposição nos Edifícios Sede e Anexo I deste Tribunal.,21388,21388,INFOLEDBH COMERCIO ATACADISTA DE PRODUTOS DE ILUMINACAO LTDA,Não identificado no documento,Lei 14.133/21 (identificada pelo filtro aplicado; artigo não identificado no documento),Não identificado no documento,Concluído,Não identificado no documento,https://transparencia.tce.mg.gov.br/public/licitacoes,https://www1.compras.mg.gov.br/processocompra/processo/consultaProcessoCompra.html?orgaoEntidade=1020&numero=13&ano=2025&metodo=pesquisar&estaPesquisando=true,[PREENCHER: após coleta documental]
TCE-MG_2025_COMPRA_DIRETA_000012,12,2025,COMPRA_DIRETA,Compra direta,Locação de robô humanoide,16904.42,16904.42,RCL COMERCIO IMPORTACAO E SERVICOS LTDA,Não identificado no documento,Lei 14.133/21 (identificada pelo filtro aplicado; artigo não identificado no documento),Não identificado no documento,Concluído,Não identificado no documento,https://transparencia.tce.mg.gov.br/public/licitacoes,https://www1.compras.mg.gov.br/processocompra/processo/consultaProcessoCompra.html?orgaoEntidade=1020&numero=12&ano=2025&metodo=pesquisar&estaPesquisando=true,[PREENCHER: após coleta documental]
TCE-MG_2025_COMPRA_DIRETA_000011,11,2025,COMPRA_DIRETA,Compra direta,Parafusadeira e brocas,405.52,405.09,MINAS FERRAMENTAS LTDA,Não identificado no documento,Lei 14.133/21 (identificada pelo filtro aplicado; artigo não identificado no documento),Não identificado no documento,Concluído,Não identificado no documento,https://transparencia.tce.mg.gov.br/public/licitacoes,https://www1.compras.mg.gov.br/processocompra/processo/consultaProcessoCompra.html?orgaoEntidade=1020&numero=11&ano=2025&metodo=pesquisar&estaPesquisando=true,[PREENCHER: após coleta documental]
TCE-MG_2025_COMPRA_DIRETA_000006,6,2025,COMPRA_DIRETA,Compra direta,"Contratação de seguradora para prestação de serviços de seguro de acidentes pessoais de vida  para 60 (sessenta) estagiários do Tribunal de Contas do Estado de Minas Gerais, pelo período de 12 meses.",612,612,MBM SEGURADORA SA,Não identificado no documento,Lei 14.133/21 (identificada pelo filtro aplicado; artigo não identificado no documento),Não identificado no documento,Concluído,Não identificado no documento,https://transparencia.tce.mg.gov.br/public/licitacoes,https://www1.compras.mg.gov.br/processocompra/processo/consultaProcessoCompra.html?orgaoEntidade=1020&numero=6&ano=2025&metodo=pesquisar&estaPesquisando=true,[PREENCHER: após coleta documental]
TCE-MG_2025_COMPRA_DIRETA_000005,5,2025,COMPRA_DIRETA,Compra direta,Serviço de cerimonial para Posse do Presidente,59800,59800,LB EVENTOS LTDA,Não identificado no documento,Lei 14.133/21 (identificada pelo filtro aplicado; artigo não identificado no documento),Não identificado no documento,Concluído,Não identificado no documento,https://transparencia.tce.mg.gov.br/public/licitacoes,https://www1.compras.mg.gov.br/processocompra/processo/consultaProcessoCompra.html?orgaoEntidade=1020&numero=5&ano=2025&metodo=pesquisar&estaPesquisando=true,[PREENCHER: após coleta documental]
TCE-MG_2025_COMPRA_DIRETA_000004,4,2025,COMPRA_DIRETA,Compra direta,"Contratação de empresa especializada para prestação de locação de estrutura para boxtruss para a cerimônia de posse da gestão 2024-2025.
",1190,1190,PLOTACAD IMPRESSAO DIGITAL LTDA - ME,Não identificado no documento,Lei 14.133/21 (identificada pelo filtro aplicado; artigo não identificado no documento),Não identificado no documento,Concluído,Não identificado no documento,https://transparencia.tce.mg.gov.br/public/licitacoes,https://www1.compras.mg.gov.br/processocompra/processo/consultaProcessoCompra.html?orgaoEntidade=1020&numero=4&ano=2025&metodo=pesquisar&estaPesquisando=true,[PREENCHER: após coleta documental]
TCE-MG_2025_COMPRA_DIRETA_000003,3,2025,COMPRA_DIRETA,Compra direta,Confecção de Convites para solenidade de posse do presidente do TCEMG.,7340,7340,GRAFICA CENTRAL EDITORA E DIGITAL LTDA,Não identificado no documento,Lei 14.133/21 (identificada pelo filtro aplicado; artigo não identificado no documento),Não identificado no documento,Concluído,Não identificado no documento,https://transparencia.tce.mg.gov.br/public/licitacoes,https://www1.compras.mg.gov.br/processocompra/processo/consultaProcessoCompra.html?orgaoEntidade=1020&numero=3&ano=2025&metodo=pesquisar&estaPesquisando=true,[PREENCHER: após coleta documental]
TCE-MG_2024_COMPRA_DIRETA_000214,214,2024,COMPRA_DIRETA,Compra direta,"Aquisição de 4000 (mil) Cartões PVC Adesivados Flexíveis, sem tarja",4680,4680,IDCONTROLL IDENTIFICACAO E TECNOLOGIA LTDA,Não identificado no documento,Lei 14.133/21 (identificada pelo filtro aplicado; artigo não identificado no documento),Não identificado no documento,Concluído,Não identificado no documento,https://transparencia.tce.mg.gov.br/public/licitacoes,https://www1.compras.mg.gov.br/processocompra/processo/consultaProcessoCompra.html?orgaoEntidade=1020&numero=214&ano=2024&metodo=pesquisar&estaPesquisando=true,[PREENCHER: após coleta documental]
TCE-MG_2024_COMPRA_DIRETA_000212,212,2024,COMPRA_DIRETA,Compra direta,"Prestação  de serviços de conserto de 01 (UMA) máquina de café, do 4º andar do edifício anexo, de uso na copa das autoridades,.",755,755,OLIMAQ SERVICOS E COMERCIO LTDA -ME,Não identificado no documento,Lei 14.133/21 (identificada pelo filtro aplicado; artigo não identificado no documento),Não identificado no documento,Concluído,Não identificado no documento,https://transparencia.tce.mg.gov.br/public/licitacoes,https://www1.compras.mg.gov.br/processocompra/processo/consultaProcessoCompra.html?orgaoEntidade=1020&numero=212&ano=2024&metodo=pesquisar&estaPesquisando=true,[PREENCHER: após coleta documental]
TCE-MG_2024_COMPRA_DIRETA_000207,207,2024,COMPRA_DIRETA,Compra direta,"Adesão ao item 7 do lote 1 da Ata de Registro de Preços nº 039/2023 do Tribunal de Justiça de Pernambuco, para a aquisição de licenças de subscrição de softwares de colaboração em nuvem.",933458.4,905457.6,TELEFONICA BRASIL S.A.,Não identificado no documento,Lei 14.133/21 (identificada pelo filtro aplicado; artigo não identificado no documento),Não identificado no documento,Concluído,Não identificado no documento,https://transparencia.tce.mg.gov.br/public/licitacoes,https://www1.compras.mg.gov.br/processocompra/processo/consultaProcessoCompra.html?orgaoEntidade=1020&numero=207&ano=2024&metodo=pesquisar&estaPesquisando=true,[PREENCHER: após coleta documental]
TCE-MG_2024_COMPRA_DIRETA_000203,203,2024,COMPRA_DIRETA,Compra direta,"CARTAO PVC - IDENTIFICACAO: ADESIVADO, SEM TARJA; TAMANHO: 86 X 54 MM X 0,8 MM (AxLx
E); COR: CONFORME SOLICITADO PELO ORGAO/ENTIDADE;",4680,4680,SUPERCARD IDENTIFICACAO LTDA,Não identificado no documento,Lei 14.133/21 (identificada pelo filtro aplicado; artigo não identificado no documento),Não identificado no documento,Concluído,Não identificado no documento,https://transparencia.tce.mg.gov.br/public/licitacoes,https://www1.compras.mg.gov.br/processocompra/processo/consultaProcessoCompra.html?orgaoEntidade=1020&numero=203&ano=2024&metodo=pesquisar&estaPesquisando=true,[PREENCHER: após coleta documental]
TCE-MG_2024_COMPRA_DIRETA_000197,197,2024,COMPRA_DIRETA,Compra direta,"fornecimento de alimentação para os participantes do ""III Congresso Internacional de Direito Financeiro e Cidadania"", para atender um público de 250 pessoas, nos dias 25/11 e 26/11",6090,6090,MARIA DAS GRACAS GONCALVES CANTINA,Não identificado no documento,Lei 14.133/21 (identificada pelo filtro aplicado; artigo não identificado no documento),Não identificado no documento,Concluído,Não identificado no documento,https://transparencia.tce.mg.gov.br/public/licitacoes,https://www1.compras.mg.gov.br/processocompra/processo/consultaProcessoCompra.html?orgaoEntidade=1020&numero=197&ano=2024&metodo=pesquisar&estaPesquisando=true,[PREENCHER: após coleta documental]
TCE-MG_2024_COMPRA_DIRETA_000187,187,2024,COMPRA_DIRETA,Compra direta,Espelhos para elevadores,876,876,BRUNO JOSE GONCALVES PIRES 03543584642 - ME,Não identificado no documento,Lei 14.133/21 (identificada pelo filtro aplicado; artigo não identificado no documento),Não identificado no documento,Concluído,Não identificado no documento,https://transparencia.tce.mg.gov.br/public/licitacoes,https://www1.compras.mg.gov.br/processocompra/processo/consultaProcessoCompra.html?orgaoEntidade=1020&numero=187&ano=2024&metodo=pesquisar&estaPesquisando=true,[PREENCHER: após coleta documental]
TCE-MG_2024_COMPRA_DIRETA_000179,179,2024,COMPRA_DIRETA,Compra direta,"PA PARA EQUIPAMENTOS MEDICO-HOSPITALARES - IDENTIFICACAO: PA DESCARTAVEL COM
CABO E CONECTOR PARA ADULTO; EQUIPAMENTO: DESFIBRILADOR EXTERNO AUTOMATICO
(DEA); MARCA/MODELO: CMOS DRAKE/FUTURA;",602.84,602.84,CALL MEDICAL TECNOLOGIA EM SERVICOS LTDA,Não identificado no documento,Lei 14.133/21 (identificada pelo filtro aplicado; artigo não identificado no documento),Não identificado no documento,Concluído,Não identificado no documento,https://transparencia.tce.mg.gov.br/public/licitacoes,https://www1.compras.mg.gov.br/processocompra/processo/consultaProcessoCompra.html?orgaoEntidade=1020&numero=179&ano=2024&metodo=pesquisar&estaPesquisando=true,[PREENCHER: após coleta documental]
TCE-MG_2024_COMPRA_DIRETA_000178,178,2024,COMPRA_DIRETA,Compra direta,Manutenção em dois equipamentos de Desfibrilador Externo Automático - DEA,1180,1180,CALL MEDICAL TECNOLOGIA EM SERVICOS LTDA,Não identificado no documento,Lei 14.133/21 (identificada pelo filtro aplicado; artigo não identificado no documento),Não identificado no documento,Concluído,Não identificado no documento,https://transparencia.tce.mg.gov.br/public/licitacoes,https://www1.compras.mg.gov.br/processocompra/processo/consultaProcessoCompra.html?orgaoEntidade=1020&numero=178&ano=2024&metodo=pesquisar&estaPesquisando=true,[PREENCHER: após coleta documental]
TCE-MG_2024_COMPRA_DIRETA_000175,175,2024,COMPRA_DIRETA,Compra direta,"Elaboração de projeto de ar condicionado para modernização das torres de resfriamento (Modelo 550 / 4 / 7,5 / 8 - BG. Ref.: ALFATERM), quadro elétrico e motobombas do edifício Anexo I do Tribunal.",21000,21000,DELTA T ENGENHARIA MECANICA LTDA,Não identificado no documento,Lei 14.133/21 (identificada pelo filtro aplicado; artigo não identificado no documento),Não identificado no documento,Concluído,Não identificado no documento,https://transparencia.tce.mg.gov.br/public/licitacoes,https://www1.compras.mg.gov.br/processocompra/processo/consultaProcessoCompra.html?orgaoEntidade=1020&numero=175&ano=2024&metodo=pesquisar&estaPesquisando=true,[PREENCHER: após coleta documental]
TCE-MG_2024_COMPRA_DIRETA_000171,171,2024,COMPRA_DIRETA,Compra direta,"Prestação de serviços de manutenção em computador, considerando toda a mão de obra e a respectiva troca de peças.",2899.29,2899.29,MICROSUPPLY LTDA,Não identificado no documento,Lei 14.133/21 (identificada pelo filtro aplicado; artigo não identificado no documento),Não identificado no documento,Concluído,Não identificado no documento,https://transparencia.tce.mg.gov.br/public/licitacoes,https://www1.compras.mg.gov.br/processocompra/processo/consultaProcessoCompra.html?orgaoEntidade=1020&numero=171&ano=2024&metodo=pesquisar&estaPesquisando=true,[PREENCHER: após coleta documental]
TCE-MG_2024_COMPRA_DIRETA_000165,165,2024,COMPRA_DIRETA,Compra direta,"Aquisição de 500 (quinhentas) pacotes de pipocas doce (tipo Aritana), de 100 (cem) gramas.",1000,1000,PORTES E PORTES COMERCIAL LTDA -ME,Não identificado no documento,Lei 14.133/21 (identificada pelo filtro aplicado; artigo não identificado no documento),Não identificado no documento,Concluído,Não identificado no documento,https://transparencia.tce.mg.gov.br/public/licitacoes,https://www1.compras.mg.gov.br/processocompra/processo/consultaProcessoCompra.html?orgaoEntidade=1020&numero=165&ano=2024&metodo=pesquisar&estaPesquisando=true,[PREENCHER: após coleta documental]
TCE-MG_2024_COMPRA_DIRETA_000164,164,2024,COMPRA_DIRETA,Compra direta,"contratação de empresa especializada para prestação de locação de estrutura para boxtruss, e confecção de painel e placas com plotagem, para a ""Semana do Servidor 2024""",16100,16100,SNC ESTRUTURAS E EVENTOS LTDA - EPP,Não identificado no documento,Lei 14.133/21 (identificada pelo filtro aplicado; artigo não identificado no documento),Não identificado no documento,Concluído,Não identificado no documento,https://transparencia.tce.mg.gov.br/public/licitacoes,https://www1.compras.mg.gov.br/processocompra/processo/consultaProcessoCompra.html?orgaoEntidade=1020&numero=164&ano=2024&metodo=pesquisar&estaPesquisando=true,[PREENCHER: após coleta documental]
TCE-MG_2024_COMPRA_DIRETA_000163,163,2024,COMPRA_DIRETA,Compra direta,Prestação  de serviços de conserto de 03 (TRÊS) aparelhos de micro-ondas sendo dois aparelhos instalados na copa do 5º andar do prédio anexo e um aparelho instalado na copa do térreo no prédio anexo.,690,685,ELETRONICA LUXEMBURGO LTDA -ME,Não identificado no documento,Lei 14.133/21 (identificada pelo filtro aplicado; artigo não identificado no documento),Não identificado no documento,Concluído,Não identificado no documento,https://transparencia.tce.mg.gov.br/public/licitacoes,https://www1.compras.mg.gov.br/processocompra/processo/consultaProcessoCompra.html?orgaoEntidade=1020&numero=163&ano=2024&metodo=pesquisar&estaPesquisando=true,[PREENCHER: após coleta documental]
TCE-MG_2024_COMPRA_DIRETA_000159,159,2024,COMPRA_DIRETA,Compra direta,"Aquisição de 10 (dez) unidades de cones de sinalização cor laranja com 75 (setenta e cinco) centímetros de altura, padrão sinalização e 12 (doze) cavaletes plásticos dobráveis para sinalização c",3540,3539.8,GABRIEL OZELO BRAGA,Não identificado no documento,Lei 14.133/21 (identificada pelo filtro aplicado; artigo não identificado no documento),Não identificado no documento,Concluído,Não identificado no documento,https://transparencia.tce.mg.gov.br/public/licitacoes,https://www1.compras.mg.gov.br/processocompra/processo/consultaProcessoCompra.html?orgaoEntidade=1020&numero=159&ano=2024&metodo=pesquisar&estaPesquisando=true,[PREENCHER: após coleta documental]
TCE-MG_2024_COMPRA_DIRETA_000157,157,2024,COMPRA_DIRETA,Compra direta,"desmontagem, remanejamento e montagem de conjunto de arquivo deslizante, composto de 9 (nove) faces",2980,2980,ORGANIZAR SERVICOS DE ARQUIVOS EIRELI,Não identificado no documento,Lei 14.133/21 (identificada pelo filtro aplicado; artigo não identificado no documento),Não identificado no documento,Concluído,Não identificado no documento,https://transparencia.tce.mg.gov.br/public/licitacoes,https://www1.compras.mg.gov.br/processocompra/processo/consultaProcessoCompra.html?orgaoEntidade=1020&numero=157&ano=2024&metodo=pesquisar&estaPesquisando=true,[PREENCHER: após coleta documental]
TCE-MG_2024_COMPRA_DIRETA_000152,152,2024,COMPRA_DIRETA,Compra direta,"Manutenção/reparo em 03 (três) rádios comunicadores utilizados diariamente pela equipe de vigilantes do TCE,.",575,575,A & E TECNICAL LTDA,Não identificado no documento,Lei 14.133/21 (identificada pelo filtro aplicado; artigo não identificado no documento),Não identificado no documento,Concluído,Não identificado no documento,https://transparencia.tce.mg.gov.br/public/licitacoes,https://www1.compras.mg.gov.br/processocompra/processo/consultaProcessoCompra.html?orgaoEntidade=1020&numero=152&ano=2024&metodo=pesquisar&estaPesquisando=true,[PREENCHER: após coleta documental]
TCE-MG_2024_COMPRA_DIRETA_000150,150,2024,COMPRA_DIRETA,Compra direta,Serviço de traslado,3700,3700,VIACAO TELES LTDA,Não identificado no documento,Lei 14.133/21 (identificada pelo filtro aplicado; artigo não identificado no documento),Não identificado no documento,Concluído,Não identificado no documento,https://transparencia.tce.mg.gov.br/public/licitacoes,https://www1.compras.mg.gov.br/processocompra/processo/consultaProcessoCompra.html?orgaoEntidade=1020&numero=150&ano=2024&metodo=pesquisar&estaPesquisando=true,[PREENCHER: após coleta documental]
TCE-MG_2024_COMPRA_DIRETA_000149,149,2024,COMPRA_DIRETA,Compra direta,"Recadastramento de processo de compras, conforme SEI24.0.000004434-9, para contratação de serviços de caligrafo.",600,600,CLAUDIA MARIA FELICISSIMO LEITE,Não identificado no documento,Lei 14.133/21 (identificada pelo filtro aplicado; artigo não identificado no documento),Não identificado no documento,Concluído,Não identificado no documento,https://transparencia.tce.mg.gov.br/public/licitacoes,https://www1.compras.mg.gov.br/processocompra/processo/consultaProcessoCompra.html?orgaoEntidade=1020&numero=149&ano=2024&metodo=pesquisar&estaPesquisando=true,[PREENCHER: após coleta documental]
TCE-MG_2024_COMPRA_DIRETA_000148,148,2024,COMPRA_DIRETA,Compra direta,Fornecimento de alimentação para os participantes do ¿6º Encontro Técnico sobre Fiscalização de Concessões e PPP¿s pelos Tribunais de Contas¿.,12900,12900,MARIA DAS GRACAS GONCALVES CANTINA,Não identificado no documento,Lei 14.133/21 (identificada pelo filtro aplicado; artigo não identificado no documento),Não identificado no documento,Concluído,Não identificado no documento,https://transparencia.tce.mg.gov.br/public/licitacoes,https://www1.compras.mg.gov.br/processocompra/processo/consultaProcessoCompra.html?orgaoEntidade=1020&numero=148&ano=2024&metodo=pesquisar&estaPesquisando=true,[PREENCHER: após coleta documental]
TCE-MG_2024_COMPRA_DIRETA_000142_D11255E9,142,2024,COMPRA_DIRETA,Compra direta,Aquisição de medalhas e troféus,900,900,MF COMERCIO DE BRINDES E ACESSORIOS LTDA,Não identificado no documento,Lei 14.133/21 (identificada pelo filtro aplicado; artigo não identificado no documento),Não identificado no documento,Concluído,Não identificado no documento,https://transparencia.tce.mg.gov.br/public/licitacoes,https://www1.compras.mg.gov.br/processocompra/processo/consultaProcessoCompra.html?orgaoEntidade=1020&numero=142&ano=2024&metodo=pesquisar&estaPesquisando=true,[PREENCHER: após coleta documental]
TCE-MG_2024_COMPRA_DIRETA_000142_3061B1AD,142,2024,COMPRA_DIRETA,Compra direta,Aquisição de medalhas e troféus,412,412,52.810.210 MARISE SILVA VIEIRA,Não identificado no documento,Lei 14.133/21 (identificada pelo filtro aplicado; artigo não identificado no documento),Não identificado no documento,Concluído,Não identificado no documento,https://transparencia.tce.mg.gov.br/public/licitacoes,https://www1.compras.mg.gov.br/processocompra/processo/consultaProcessoCompra.html?orgaoEntidade=1020&numero=142&ano=2024&metodo=pesquisar&estaPesquisando=true,[PREENCHER: após coleta documental]
TCE-MG_2024_COMPRA_DIRETA_000140,140,2024,COMPRA_DIRETA,Compra direta,Realização de teste hidrostático de 161 (cento e sessenta e uma) mangueiras de incêndio,1288,1288,SEGURANCA RECARGAS DE EXTINTORES LTDA,Não identificado no documento,Lei 14.133/21 (identificada pelo filtro aplicado; artigo não identificado no documento),Não identificado no documento,Concluído,Não identificado no documento,https://transparencia.tce.mg.gov.br/public/licitacoes,https://www1.compras.mg.gov.br/processocompra/processo/consultaProcessoCompra.html?orgaoEntidade=1020&numero=140&ano=2024&metodo=pesquisar&estaPesquisando=true,[PREENCHER: após coleta documental]
TCE-MG_2024_COMPRA_DIRETA_000137,137,2024,COMPRA_DIRETA,Compra direta,Manutenção e reparo em 03 câmeras fotográficas digitais da Coordenadoria de Jornalismo e Redação,1285,1085,DIGITECH SOLUCOES TECNOLOGICAS LTDA,Não identificado no documento,Lei 14.133/21 (identificada pelo filtro aplicado; artigo não identificado no documento),Não identificado no documento,Concluído,Não identificado no documento,https://transparencia.tce.mg.gov.br/public/licitacoes,https://www1.compras.mg.gov.br/processocompra/processo/consultaProcessoCompra.html?orgaoEntidade=1020&numero=137&ano=2024&metodo=pesquisar&estaPesquisando=true,[PREENCHER: após coleta documental]
TCE-MG_2024_COMPRA_DIRETA_000130,130,2024,COMPRA_DIRETA,Compra direta,"Contratação de empresa especializada em montagem e suporte com equipamentos tecnológicos de projeção para o evento ""Dia da Inovação Ada Lovelace"" que ocorrerá no dia 10 de outubro de 2024",24000,24000,ON PROJECOES LTDA,Não identificado no documento,Lei 14.133/21 (identificada pelo filtro aplicado; artigo não identificado no documento),Não identificado no documento,Concluído,Não identificado no documento,https://transparencia.tce.mg.gov.br/public/licitacoes,https://www1.compras.mg.gov.br/processocompra/processo/consultaProcessoCompra.html?orgaoEntidade=1020&numero=130&ano=2024&metodo=pesquisar&estaPesquisando=true,[PREENCHER: após coleta documental]
TCE-MG_2024_COMPRA_DIRETA_000125,125,2024,COMPRA_DIRETA,Compra direta,"Contratação de empresa especializada para criação de conteúdo visual que será projetado no evento ""Dia da Inovação Ada Lovelace"" que ocorrerá no dia 10 de outubro no auditório do TCEMG.",35000,35000,FIX BROS. PRODUCAO E ENTRETENIMENTO LTDA,Não identificado no documento,Lei 14.133/21 (identificada pelo filtro aplicado; artigo não identificado no documento),Não identificado no documento,Concluído,Não identificado no documento,https://transparencia.tce.mg.gov.br/public/licitacoes,https://www1.compras.mg.gov.br/processocompra/processo/consultaProcessoCompra.html?orgaoEntidade=1020&numero=125&ano=2024&metodo=pesquisar&estaPesquisando=true,[PREENCHER: após coleta documental]
TCE-MG_2024_COMPRA_DIRETA_000107,107,2024,COMPRA_DIRETA,Compra direta,Aquisição de medalhas e placa,22220,13870,MERITO BRINDES E PREMIACOES - LTDA,Não identificado no documento,Lei 14.133/21 (identificada pelo filtro aplicado; artigo não identificado no documento),Não identificado no documento,Concluído,Não identificado no documento,https://transparencia.tce.mg.gov.br/public/licitacoes,https://www1.compras.mg.gov.br/processocompra/processo/consultaProcessoCompra.html?orgaoEntidade=1020&numero=107&ano=2024&metodo=pesquisar&estaPesquisando=true,[PREENCHER: após coleta documental]
TCE-MG_2024_COMPRA_DIRETA_000105,105,2024,COMPRA_DIRETA,Compra direta,Contratação do serviço de um Calígrafo para subscritar o livro de assinaturas com aproximadamente 30(trinta) linhas.,600,600,CLAUDIA MARIA FELICISSIMO LEITE 60742178668 - ME,Não identificado no documento,Lei 14.133/21 (identificada pelo filtro aplicado; artigo não identificado no documento),Não identificado no documento,Concluído,Não identificado no documento,https://transparencia.tce.mg.gov.br/public/licitacoes,https://www1.compras.mg.gov.br/processocompra/processo/consultaProcessoCompra.html?orgaoEntidade=1020&numero=105&ano=2024&metodo=pesquisar&estaPesquisando=true,[PREENCHER: após coleta documental]
TCE-MG_2024_COMPRA_DIRETA_000103,103,2024,COMPRA_DIRETA,Compra direta,Copo de vidro,239.76,129.9,BH TACAS COMERCIO DE TACAS E UTENSILIOS DO LAR LTDA - EPP,Não identificado no documento,Lei 14.133/21 (identificada pelo filtro aplicado; artigo não identificado no documento),Não identificado no documento,Concluído,Não identificado no documento,https://transparencia.tce.mg.gov.br/public/licitacoes,https://www1.compras.mg.gov.br/processocompra/processo/consultaProcessoCompra.html?orgaoEntidade=1020&numero=103&ano=2024&metodo=pesquisar&estaPesquisando=true,[PREENCHER: após coleta documental]
TCE-MG_2024_COMPRA_DIRETA_000102,102,2024,COMPRA_DIRETA,Compra direta,Contratação de Curso de Atualização em Língua Portuguesa,9300,3560,MARIA ISABEL GOMES DE MATOS,Não identificado no documento,Lei 14.133/21 (identificada pelo filtro aplicado; artigo não identificado no documento),Não identificado no documento,Concluído,Não identificado no documento,https://transparencia.tce.mg.gov.br/public/licitacoes,https://www1.compras.mg.gov.br/processocompra/processo/consultaProcessoCompra.html?orgaoEntidade=1020&numero=102&ano=2024&metodo=pesquisar&estaPesquisando=true,[PREENCHER: após coleta documental]
TCE-MG_2024_COMPRA_DIRETA_000101,101,2024,COMPRA_DIRETA,Compra direta,"Aquisição de 05 (cinco) antenas, 10 (dez) baterias originais e 10 (dez) fones de ouvido para Rádio Motorola.",8260,6310,CELWAY SERVICE LTDA,Não identificado no documento,Lei 14.133/21 (identificada pelo filtro aplicado; artigo não identificado no documento),Não identificado no documento,Concluído,Não identificado no documento,https://transparencia.tce.mg.gov.br/public/licitacoes,https://www1.compras.mg.gov.br/processocompra/processo/consultaProcessoCompra.html?orgaoEntidade=1020&numero=101&ano=2024&metodo=pesquisar&estaPesquisando=true,[PREENCHER: após coleta documental]
TCE-MG_2024_COMPRA_DIRETA_000083,83,2024,COMPRA_DIRETA,Compra direta,"Prestação de serviços de manutenção de 03 (três) nobreaks, com fornecimento de todos os materiais, ferramentas, testes e mão de obra especializada, conforme Termo de Referência anexo.",5738,5114,SOTEC SERVICES LTDA,Não identificado no documento,Lei 14.133/21 (identificada pelo filtro aplicado; artigo não identificado no documento),Não identificado no documento,Concluído,Não identificado no documento,https://transparencia.tce.mg.gov.br/public/licitacoes,https://www1.compras.mg.gov.br/processocompra/processo/consultaProcessoCompra.html?orgaoEntidade=1020&numero=83&ano=2024&metodo=pesquisar&estaPesquisando=true,[PREENCHER: após coleta documental]
TCE-MG_2024_COMPRA_DIRETA_000078,78,2024,COMPRA_DIRETA,Compra direta,Serviço de manutenção/reparo em 03 rádios de comunicação HT,726,605,A & E TECNICAL LTDA,Não identificado no documento,Lei 14.133/21 (identificada pelo filtro aplicado; artigo não identificado no documento),Não identificado no documento,Concluído,Não identificado no documento,https://transparencia.tce.mg.gov.br/public/licitacoes,https://www1.compras.mg.gov.br/processocompra/processo/consultaProcessoCompra.html?orgaoEntidade=1020&numero=78&ano=2024&metodo=pesquisar&estaPesquisando=true,[PREENCHER: após coleta documental]
TCE-MG_2024_COMPRA_DIRETA_000075,75,2024,COMPRA_DIRETA,Compra direta,Aquisição de bandeiras do Brasil e do Estado de Minas Gerais,450,339.8,BANDERTTINI COMERCIO E CONFECCOES DE BANDEIRAS LTDA - ME,Não identificado no documento,Lei 14.133/21 (identificada pelo filtro aplicado; artigo não identificado no documento),Não identificado no documento,Concluído,Não identificado no documento,https://transparencia.tce.mg.gov.br/public/licitacoes,https://www1.compras.mg.gov.br/processocompra/processo/consultaProcessoCompra.html?orgaoEntidade=1020&numero=75&ano=2024&metodo=pesquisar&estaPesquisando=true,[PREENCHER: após coleta documental]
TCE-MG_2024_COMPRA_DIRETA_000073,73,2024,COMPRA_DIRETA,Compra direta,bandeira distintiva do TCEMG,323.8,270,AUTENTICA - BANDEIRAS E CONFECCOES LTDA -ME,Não identificado no documento,Lei 14.133/21 (identificada pelo filtro aplicado; artigo não identificado no documento),Não identificado no documento,Concluído,Não identificado no documento,https://transparencia.tce.mg.gov.br/public/licitacoes,https://www1.compras.mg.gov.br/processocompra/processo/consultaProcessoCompra.html?orgaoEntidade=1020&numero=73&ano=2024&metodo=pesquisar&estaPesquisando=true,[PREENCHER: após coleta documental]
TCE-MG_2024_COMPRA_DIRETA_000071_09596E78,71,2024,COMPRA_DIRETA,Compra direta,Porta munição e bandeja,539,398,DANUBIA NEVIS MATOS BH ARTIGOS DO VESTUARIO MILITAR LTDA,Não identificado no documento,Lei 14.133/21 (identificada pelo filtro aplicado; artigo não identificado no documento),Não identificado no documento,Concluído,Não identificado no documento,https://transparencia.tce.mg.gov.br/public/licitacoes,https://www1.compras.mg.gov.br/processocompra/processo/consultaProcessoCompra.html?orgaoEntidade=1020&numero=71&ano=2024&metodo=pesquisar&estaPesquisando=true,[PREENCHER: após coleta documental]
TCE-MG_2024_COMPRA_DIRETA_000071_22A8194F,71,2024,COMPRA_DIRETA,Compra direta,Porta munição e bandeja,84,53.7,APOLO SHOP LTDA,Não identificado no documento,Lei 14.133/21 (identificada pelo filtro aplicado; artigo não identificado no documento),Não identificado no documento,Concluído,Não identificado no documento,https://transparencia.tce.mg.gov.br/public/licitacoes,https://www1.compras.mg.gov.br/processocompra/processo/consultaProcessoCompra.html?orgaoEntidade=1020&numero=71&ano=2024&metodo=pesquisar&estaPesquisando=true,[PREENCHER: após coleta documental]
TCE-MG_2024_COMPRA_DIRETA_000070,70,2024,COMPRA_DIRETA,Compra direta,Prestação de serviços de confecção de 20 (vinte) placas condecorativas.,3920,2660,MARCO PLACAS INDUSTRIA E COMERCIO LTDA -EPP,Não identificado no documento,Lei 14.133/21 (identificada pelo filtro aplicado; artigo não identificado no documento),Não identificado no documento,Concluído,Não identificado no documento,https://transparencia.tce.mg.gov.br/public/licitacoes,https://www1.compras.mg.gov.br/processocompra/processo/consultaProcessoCompra.html?orgaoEntidade=1020&numero=70&ano=2024&metodo=pesquisar&estaPesquisando=true,[PREENCHER: após coleta documental]
TCE-MG_2024_COMPRA_DIRETA_000065,65,2024,COMPRA_DIRETA,Compra direta,"Manutenção/conserto de um televisor da marca Philco (modelo SMART TV LED PTV40g60snbl 40 polegadas)- Patrimônio 8276517-0.
SEI 24.0.000003532-3",495,490,SMART TELE ELETRONICA COMERCIO E SERVICOS LTDA -EPP,Não identificado no documento,Lei 14.133/21 (identificada pelo filtro aplicado; artigo não identificado no documento),Não identificado no documento,Concluído,Não identificado no documento,https://transparencia.tce.mg.gov.br/public/licitacoes,https://www1.compras.mg.gov.br/processocompra/processo/consultaProcessoCompra.html?orgaoEntidade=1020&numero=65&ano=2024&metodo=pesquisar&estaPesquisando=true,[PREENCHER: após coleta documental]
TCE-MG_2024_COMPRA_DIRETA_000060,60,2024,COMPRA_DIRETA,Compra direta,"Contratação de prestação de serviços gráficos de impressão e acabamento da Revista do TCEMG, edição especial.",52250,48800,RONA EDITORA LTDA,Não identificado no documento,Lei 14.133/21 (identificada pelo filtro aplicado; artigo não identificado no documento),Não identificado no documento,Concluído,Não identificado no documento,https://transparencia.tce.mg.gov.br/public/licitacoes,https://www1.compras.mg.gov.br/processocompra/processo/consultaProcessoCompra.html?orgaoEntidade=1020&numero=60&ano=2024&metodo=pesquisar&estaPesquisando=true,[PREENCHER: após coleta documental]
TCE-MG_2024_COMPRA_DIRETA_000058,58,2024,COMPRA_DIRETA,Compra direta,"Prestação de serviços de traslado do Aeroporto de Uberlândia à cidade de Coromandel e vice-versa. 
SEI 24.0.000004141-2",2624,2300,JR TRANSPORTES EXECUTIVOS LTDA,Não identificado no documento,Lei 14.133/21 (identificada pelo filtro aplicado; artigo não identificado no documento),Não identificado no documento,Concluído,Não identificado no documento,https://transparencia.tce.mg.gov.br/public/licitacoes,https://www1.compras.mg.gov.br/processocompra/processo/consultaProcessoCompra.html?orgaoEntidade=1020&numero=58&ano=2024&metodo=pesquisar&estaPesquisando=true,[PREENCHER: após coleta documental]
TCE-MG_2024_COMPRA_DIRETA_000057_9EB24292,57,2024,COMPRA_DIRETA,Compra direta,Aquisição e medicamentos,1226.34,913.6,RIBEIRO E NASCIMENTO ARTIGOS MEDICOS E ORTOPEDICOS LTDA - ME,Não identificado no documento,Lei 14.133/21 (identificada pelo filtro aplicado; artigo não identificado no documento),Não identificado no documento,Concluído,Não identificado no documento,https://transparencia.tce.mg.gov.br/public/licitacoes,https://www1.compras.mg.gov.br/processocompra/processo/consultaProcessoCompra.html?orgaoEntidade=1020&numero=57&ano=2024&metodo=pesquisar&estaPesquisando=true,[PREENCHER: após coleta documental]
TCE-MG_2024_COMPRA_DIRETA_000057_0B621BFF,57,2024,COMPRA_DIRETA,Compra direta,Aquisição e medicamentos,1857.5,1500,MENDES & MANSUR ASSESSORIA ADUANEIRA E DE COMERCIO EXTERIOR LTDA - EPP,Não identificado no documento,Lei 14.133/21 (identificada pelo filtro aplicado; artigo não identificado no documento),Não identificado no documento,Concluído,Não identificado no documento,https://transparencia.tce.mg.gov.br/public/licitacoes,https://www1.compras.mg.gov.br/processocompra/processo/consultaProcessoCompra.html?orgaoEntidade=1020&numero=57&ano=2024&metodo=pesquisar&estaPesquisando=true,[PREENCHER: após coleta documental]
TCE-MG_2024_COMPRA_DIRETA_000057_479C060D,57,2024,COMPRA_DIRETA,Compra direta,Aquisição e medicamentos,3183.2,2866.66,FARMACIA JK LTDA - ME,Não identificado no documento,Lei 14.133/21 (identificada pelo filtro aplicado; artigo não identificado no documento),Não identificado no documento,Concluído,Não identificado no documento,https://transparencia.tce.mg.gov.br/public/licitacoes,https://www1.compras.mg.gov.br/processocompra/processo/consultaProcessoCompra.html?orgaoEntidade=1020&numero=57&ano=2024&metodo=pesquisar&estaPesquisando=true,[PREENCHER: após coleta documental]
TCE-MG_2024_COMPRA_DIRETA_000057_289486A7,57,2024,COMPRA_DIRETA,Compra direta,Aquisição e medicamentos,2562.64,2178.25,DROGARIA GAVEA LTDA -EPP,Não identificado no documento,Lei 14.133/21 (identificada pelo filtro aplicado; artigo não identificado no documento),Não identificado no documento,Concluído,Não identificado no documento,https://transparencia.tce.mg.gov.br/public/licitacoes,https://www1.compras.mg.gov.br/processocompra/processo/consultaProcessoCompra.html?orgaoEntidade=1020&numero=57&ano=2024&metodo=pesquisar&estaPesquisando=true,[PREENCHER: após coleta documental]
TCE-MG_2024_COMPRA_DIRETA_000054,54,2024,COMPRA_DIRETA,Compra direta,"Prestação de serviços de reparo/conserto de 1 (um) máquina de café marca Monarcha, patrimônio nº 8260577-7.",850,688,OLIMAQ SERVICOS E COMERCIO LTDA -ME,Não identificado no documento,Lei 14.133/21 (identificada pelo filtro aplicado; artigo não identificado no documento),Não identificado no documento,Concluído,Não identificado no documento,https://transparencia.tce.mg.gov.br/public/licitacoes,https://www1.compras.mg.gov.br/processocompra/processo/consultaProcessoCompra.html?orgaoEntidade=1020&numero=54&ano=2024&metodo=pesquisar&estaPesquisando=true,[PREENCHER: após coleta documental]
TCE-MG_2024_COMPRA_DIRETA_000049,49,2024,COMPRA_DIRETA,Compra direta,Adaptação de uma sala existente no térreo do Edifício Sede do Tribunal de Contas em sala de desarmamento para guarda e retirada de armas para visitantes que possuam porte de arma.,59897.49,53000,F J A COSTA CONSTRUCOES -ME,Não identificado no documento,Lei 14.133/21 (identificada pelo filtro aplicado; artigo não identificado no documento),Não identificado no documento,Concluído,Não identificado no documento,https://transparencia.tce.mg.gov.br/public/licitacoes,https://www1.compras.mg.gov.br/processocompra/processo/consultaProcessoCompra.html?orgaoEntidade=1020&numero=49&ano=2024&metodo=pesquisar&estaPesquisando=true,[PREENCHER: após coleta documental]
TCE-MG_2024_COMPRA_DIRETA_000045,45,2024,COMPRA_DIRETA,Compra direta,Serviço de traslado de servidores,4040,3300,G C CUNHA,Não identificado no documento,Lei 14.133/21 (identificada pelo filtro aplicado; artigo não identificado no documento),Não identificado no documento,Concluído,Não identificado no documento,https://transparencia.tce.mg.gov.br/public/licitacoes,https://www1.compras.mg.gov.br/processocompra/processo/consultaProcessoCompra.html?orgaoEntidade=1020&numero=45&ano=2024&metodo=pesquisar&estaPesquisando=true,[PREENCHER: após coleta documental]
TCE-MG_2024_COMPRA_DIRETA_000034,34,2024,COMPRA_DIRETA,Compra direta,"IMPRESSAO GRAFICA: 8 AdesivoS Vinil Instalado
71x101cm, 4x0 cores, Tinta digital em Vinil Fosco 100g.
Recorte laser.
",838,688.42,GRAFICA CENTRAL EDITORA E DIGITAL LTDA,Não identificado no documento,Lei 14.133/21 (identificada pelo filtro aplicado; artigo não identificado no documento),Não identificado no documento,Concluído,Não identificado no documento,https://transparencia.tce.mg.gov.br/public/licitacoes,https://www1.compras.mg.gov.br/processocompra/processo/consultaProcessoCompra.html?orgaoEntidade=1020&numero=34&ano=2024&metodo=pesquisar&estaPesquisando=true,[PREENCHER: após coleta documental]
TCE-MG_2024_COMPRA_DIRETA_000023,23,2024,COMPRA_DIRETA,Compra direta,"REFIL DE TINTA OU TONER PARA IMPRESSAO - IDENTIFICACAO: FRASCO DE TINTA;
IMPRESSORA: HP INK TANK/HP SMART TANK/HP DESKJET; CODIGO REFERENCIA: GT52/GT53;",561.44,542.4,PORT DISTRIBUIDORA DE INFORMATICA E PAPELARIA LTDA,Não identificado no documento,Lei 14.133/21 (identificada pelo filtro aplicado; artigo não identificado no documento),Não identificado no documento,Concluído,Não identificado no documento,https://transparencia.tce.mg.gov.br/public/licitacoes,https://www1.compras.mg.gov.br/processocompra/processo/consultaProcessoCompra.html?orgaoEntidade=1020&numero=23&ano=2024&metodo=pesquisar&estaPesquisando=true,[PREENCHER: após coleta documental]
TCE-MG_2024_COMPRA_DIRETA_000018,18,2024,COMPRA_DIRETA,Compra direta,Conserto da máquina de café da copa do Plenário - Patrimônio 8260577-7,830,598,MUNDYSERVICE COMERCIO DE PECAS E ASSISTENCIA TECNICA LTDA,Não identificado no documento,Lei 14.133/21 (identificada pelo filtro aplicado; artigo não identificado no documento),Não identificado no documento,Concluído,Não identificado no documento,https://transparencia.tce.mg.gov.br/public/licitacoes,https://www1.compras.mg.gov.br/processocompra/processo/consultaProcessoCompra.html?orgaoEntidade=1020&numero=18&ano=2024&metodo=pesquisar&estaPesquisando=true,[PREENCHER: após coleta documental]
TCE-MG_2024_COMPRA_DIRETA_000016,16,2024,COMPRA_DIRETA,Compra direta,conserto da máquina de café utilizada na copa do Ministério Público de Contas - patrimônio n. 82623775,380,289,MUNDYSERVICE COMERCIO DE PECAS E ASSISTENCIA TECNICA LTDA,Não identificado no documento,Lei 14.133/21 (identificada pelo filtro aplicado; artigo não identificado no documento),Não identificado no documento,Concluído,Não identificado no documento,https://transparencia.tce.mg.gov.br/public/licitacoes,https://www1.compras.mg.gov.br/processocompra/processo/consultaProcessoCompra.html?orgaoEntidade=1020&numero=16&ano=2024&metodo=pesquisar&estaPesquisando=true,[PREENCHER: após coleta documental]
TCE-MG_2024_COMPRA_DIRETA_000015,15,2024,COMPRA_DIRETA,Compra direta,conserto de micro-ondas da copa do Térreo do Prédio Anexo,224,195,OLIMAQ SERVICOS E COMERCIO LTDA -ME,Não identificado no documento,Lei 14.133/21 (identificada pelo filtro aplicado; artigo não identificado no documento),Não identificado no documento,Concluído,Não identificado no documento,https://transparencia.tce.mg.gov.br/public/licitacoes,https://www1.compras.mg.gov.br/processocompra/processo/consultaProcessoCompra.html?orgaoEntidade=1020&numero=15&ano=2024&metodo=pesquisar&estaPesquisando=true,[PREENCHER: após coleta documental]
TCE-MG_2024_COMPRA_DIRETA_000014,14,2024,COMPRA_DIRETA,Compra direta,Conforme processo instruído no GDFISC.,2000,2000,"EQUIPE EDITORA, CURSOS E CONSULTORIA LTDA.",Não identificado no documento,Lei 14.133/21 (identificada pelo filtro aplicado; artigo não identificado no documento),Não identificado no documento,Concluído,Não identificado no documento,https://transparencia.tce.mg.gov.br/public/licitacoes,https://www1.compras.mg.gov.br/processocompra/processo/consultaProcessoCompra.html?orgaoEntidade=1020&numero=14&ano=2024&metodo=pesquisar&estaPesquisando=true,[PREENCHER: após coleta documental]
TCE-MG_2024_COMPRA_DIRETA_000013,13,2024,COMPRA_DIRETA,Compra direta,Manutenção e recarga de extintores,11681,9481,BRASIL EQUIPAMENTOS CONTRA INCENDIO LTDA -ME,Não identificado no documento,Lei 14.133/21 (identificada pelo filtro aplicado; artigo não identificado no documento),Não identificado no documento,Concluído,Não identificado no documento,https://transparencia.tce.mg.gov.br/public/licitacoes,https://www1.compras.mg.gov.br/processocompra/processo/consultaProcessoCompra.html?orgaoEntidade=1020&numero=13&ano=2024&metodo=pesquisar&estaPesquisando=true,[PREENCHER: após coleta documental]
TCE-MG_2024_COMPRA_DIRETA_000011,11,2024,COMPRA_DIRETA,Compra direta,Prestação de serviços de traslado do aeroporto de Montes Claros à cidade de Janaúba e vice-versa.,2600,2600,STAR TURISMO LTDA,Não identificado no documento,Lei 14.133/21 (identificada pelo filtro aplicado; artigo não identificado no documento),Não identificado no documento,Concluído,Não identificado no documento,https://transparencia.tce.mg.gov.br/public/licitacoes,https://www1.compras.mg.gov.br/processocompra/processo/consultaProcessoCompra.html?orgaoEntidade=1020&numero=11&ano=2024&metodo=pesquisar&estaPesquisando=true,[PREENCHER: após coleta documental]
TCE-MG_2024_COMPRA_DIRETA_000010,10,2024,COMPRA_DIRETA,Compra direta,Aquisição do medicamento Feldene Sublingual,1139.6,1062.6,DROGARIA GAVEA LTDA -EPP,Não identificado no documento,Lei 14.133/21 (identificada pelo filtro aplicado; artigo não identificado no documento),Não identificado no documento,Concluído,Não identificado no documento,https://transparencia.tce.mg.gov.br/public/licitacoes,https://www1.compras.mg.gov.br/processocompra/processo/consultaProcessoCompra.html?orgaoEntidade=1020&numero=10&ano=2024&metodo=pesquisar&estaPesquisando=true,[PREENCHER: após coleta documental]
TCE-MG_2024_COMPRA_DIRETA_000008,8,2024,COMPRA_DIRETA,Compra direta,Prestação de serviços de suporte técnico ao software Moodle.,23040,17280,MIGUEL DO PRADO URTADO LTDA,Não identificado no documento,Lei 14.133/21 (identificada pelo filtro aplicado; artigo não identificado no documento),Não identificado no documento,Concluído,Não identificado no documento,https://transparencia.tce.mg.gov.br/public/licitacoes,https://www1.compras.mg.gov.br/processocompra/processo/consultaProcessoCompra.html?orgaoEntidade=1020&numero=8&ano=2024&metodo=pesquisar&estaPesquisando=true,[PREENCHER: após coleta documental]
TCE-MG_2024_COMPRA_DIRETA_000006,6,2024,COMPRA_DIRETA,Compra direta,Inscrição no 19º CONGRESSO BRASILEIRO DE PREGOEIROS,9800,9800,INSTITUTO NEGOCIOS PUBLICOS DO BRASIL - ESTUDOS E PESQUISAS NA ADMNIISTRACAO PUBLICA - INP - LTDA,Não identificado no documento,Lei 14.133/21 (identificada pelo filtro aplicado; artigo não identificado no documento),Não identificado no documento,Concluído,Não identificado no documento,https://transparencia.tce.mg.gov.br/public/licitacoes,https://www1.compras.mg.gov.br/processocompra/processo/consultaProcessoCompra.html?orgaoEntidade=1020&numero=6&ano=2024&metodo=pesquisar&estaPesquisando=true,[PREENCHER: após coleta documental]
TCE-MG_2023_COMPRA_DIRETA_000240_870D0CB0,240,2023,COMPRA_DIRETA,Compra direta,Aquisição de softwares (SEI 23.0.000004284-6),16890,16890,BRASOFTWARE INFORMATICA LTDA,Não identificado no documento,Lei 14.133/21 (identificada pelo filtro aplicado; artigo não identificado no documento),Não identificado no documento,Concluído,Não identificado no documento,https://transparencia.tce.mg.gov.br/public/licitacoes,https://www1.compras.mg.gov.br/processocompra/processo/consultaProcessoCompra.html?orgaoEntidade=1020&numero=240&ano=2023&metodo=pesquisar&estaPesquisando=true,[PREENCHER: após coleta documental]
TCE-MG_2023_COMPRA_DIRETA_000240_431C9B25,240,2023,COMPRA_DIRETA,Compra direta,Aquisição de softwares (SEI 23.0.000004284-6),15340,13810,SOFTWARE.COM.BR TECNOLOGIA E CONSULTORIA LTDA.,Não identificado no documento,Lei 14.133/21 (identificada pelo filtro aplicado; artigo não identificado no documento),Não identificado no documento,Concluído,Não identificado no documento,https://transparencia.tce.mg.gov.br/public/licitacoes,https://www1.compras.mg.gov.br/processocompra/processo/consultaProcessoCompra.html?orgaoEntidade=1020&numero=240&ano=2023&metodo=pesquisar&estaPesquisando=true,[PREENCHER: após coleta documental]
TCE-MG_2023_COMPRA_DIRETA_000239,239,2023,COMPRA_DIRETA,Compra direta,"SUBSCRICAO DE LICENCA DE SOFTWARE CANVA PRO, ULTIMA VERSAO",3500,3500,L3 INFORMATICA LTDA,Não identificado no documento,Lei 14.133/21 (identificada pelo filtro aplicado; artigo não identificado no documento),Não identificado no documento,Concluído,Não identificado no documento,https://transparencia.tce.mg.gov.br/public/licitacoes,https://www1.compras.mg.gov.br/processocompra/processo/consultaProcessoCompra.html?orgaoEntidade=1020&numero=239&ano=2023&metodo=pesquisar&estaPesquisando=true,[PREENCHER: após coleta documental]
TCE-MG_2023_COMPRA_DIRETA_000231,231,2023,COMPRA_DIRETA,Compra direta,"Prestação de serviços de reparo/conserto de 1 (um) frigobar, da marca Electrolux, modelo RE80, patrimônio nº 8262007-5.
SEI 23.0.000005754-1",599,590,OLIMAQ SERVICOS E COMERCIO LTDA -ME,Não identificado no documento,Lei 14.133/21 (identificada pelo filtro aplicado; artigo não identificado no documento),Não identificado no documento,Concluído,Não identificado no documento,https://transparencia.tce.mg.gov.br/public/licitacoes,https://www1.compras.mg.gov.br/processocompra/processo/consultaProcessoCompra.html?orgaoEntidade=1020&numero=231&ano=2023&metodo=pesquisar&estaPesquisando=true,[PREENCHER: após coleta documental]
TCE-MG_2023_COMPRA_DIRETA_000220,220,2023,COMPRA_DIRETA,Compra direta,"Aquisição de placas personalizadas, confeccionadas em aço inox prata com corte especial a laser, tamanho 16x12cm. Gravação por foto corrosão alto/baixo relevo. Acondicionada em estojo de veludo preto",2200,1600,MARCO PLACAS INDUSTRIA E COMERCIO LTDA -EPP,Não identificado no documento,Lei 14.133/21 (identificada pelo filtro aplicado; artigo não identificado no documento),Não identificado no documento,Concluído,Não identificado no documento,https://transparencia.tce.mg.gov.br/public/licitacoes,https://www1.compras.mg.gov.br/processocompra/processo/consultaProcessoCompra.html?orgaoEntidade=1020&numero=220&ano=2023&metodo=pesquisar&estaPesquisando=true,[PREENCHER: após coleta documental]
TCE-MG_2023_COMPRA_DIRETA_000211,211,2023,COMPRA_DIRETA,Compra direta,"Locação de duas estruturas para backdrop (Box Truss), incluindo os serviços de montagem e desmontagem de toda a estrutura.",5820,2920,PLOTACAD IMPRESSAO DIGITAL LTDA - ME,Não identificado no documento,Lei 14.133/21 (identificada pelo filtro aplicado; artigo não identificado no documento),Não identificado no documento,Concluído,Não identificado no documento,https://transparencia.tce.mg.gov.br/public/licitacoes,https://www1.compras.mg.gov.br/processocompra/processo/consultaProcessoCompra.html?orgaoEntidade=1020&numero=211&ano=2023&metodo=pesquisar&estaPesquisando=true,[PREENCHER: após coleta documental]
